StudentID,Year,Term,Course,FinalGrade
S12912,2039,Fall,MATH101,84.8
S11926,2034,Spring,HIST205,63.8
S10209,2026,Spring,CHEM120,100.0
S11678,2033,Spring,ECON210,90.7
S10944,2029,Summer,ECON210,92.1
S12944,2039,Summer,ECON210,93.3
S11513,2032,Fall,ECON210,66.4
S11544,2032,Spring,MATH101,76.5
S10155,2025,Fall,HIST205,66.3
S12873,2039,Summer,ENG201,86.0
S12161,2035,Fall,ENG201,87.3
S10039,2025,Spring,ECON210,73.6
S10322,2026,Spring,BIO110,66.8
S11855,2034,Spring,BIO110,78.6
S11101,2030,Spring,MATH101,55.5
S10343,2026,Fall,BIO110,69.3
S13183,2040,Fall,HIST205,89.4
S11969,2034,Fall,HIST205,93.1
S10368,2026,Spring,PSY101,74.1
S12249,2036,Fall,ENG201,94.0
S10236,2026,Spring,PSY101,57.1
S12491,2037,Spring,CS150,82.5
S11464,2032,Summer,ECON210,76.7
S12331,2036,Fall,CS150,86.1
S12996,2039,Fall,PSY101,92.7
S11001,2030,Spring,CHEM120,86.1
S10180,2025,Spring,CS150,77.0
S10678,2028,Spring,BIO110,83.5
S10138,2025,Fall,CS150,78.5
S12017,2035,Spring,CS150,69.3
S10766,2028,Spring,CHEM120,75.7
S10687,2028,Summer,CS150,73.0
S11830,2034,Spring,ECON210,89.7
S12346,2036,Fall,BIO110,82.8
S11047,2030,Summer,CS150,66.1
S12275,2036,Spring,HIST205,78.0
S10917,2029,Fall,HIST205,78.8
S13160,2040,Fall,ECON210,87.1
S10712,2028,Summer,CHEM120,71.6
S12910,2039,Spring,CHEM120,86.4
S11896,2034,Spring,BIO110,81.9
S12575,2037,Spring,HIST205,79.1
S10012,2025,Fall,HIST205,73.9
S10980,2029,Summer,CHEM120,83.6
S10760,2028,Summer,ECON210,71.4
S11955,2034,Fall,ECON210,95.0
S10591,2027,Spring,MATH101,70.8
S12621,2038,Spring,CS150,95.6
S12477,2037,Summer,MATH101,99.6
S11476,2032,Fall,MATH101,80.4
S13126,2040,Summer,HIST205,76.7
S12628,2038,Spring,ENG201,85.8
S10163,2025,Summer,HIST205,65.4
S11524,2032,Fall,ECON210,78.4
S11332,2031,Summer,PSY101,78.3
S10983,2029,Fall,CS150,77.0
S11273,2031,Spring,BIO110,77.5
S11157,2030,Fall,ENG201,96.7
S12007,2035,Summer,ECON210,78.8
S11792,2033,Spring,ENG201,81.4
S11923,2034,Summer,BIO110,85.9
S10626,2028,Spring,BIO110,68.1
S13059,2040,Summer,BIO110,88.8
S12087,2035,Summer,CHEM120,84.2
S10014,2025,Fall,PSY101,58.2
S10952,2029,Spring,PSY101,67.3
S11399,2031,Fall,BIO110,74.7
S11820,2034,Summer,CHEM120,82.9
S12208,2036,Summer,PSY101,84.2
S12298,2036,Summer,ECON210,91.9
S12580,2037,Summer,BIO110,91.0
S12927,2039,Spring,BIO110,92.4
S11035,2030,Summer,CS150,91.3
S10235,2026,Fall,BIO110,78.4
S11626,2033,Summer,CS150,79.1
S11349,2031,Summer,ECON210,78.2
S11409,2032,Spring,ECON210,79.3
S10926,2029,Spring,ENG201,72.9
S12531,2037,Spring,PSY101,80.6
S11021,2030,Spring,CHEM120,74.1
S12058,2035,Summer,ENG201,87.4
S11671,2033,Summer,CS150,79.7
S11535,2032,Spring,PSY101,68.6
S11008,2030,Spring,HIST205,87.1
S12354,2036,Summer,CS150,96.4
S11922,2034,Fall,MATH101,75.4
S11137,2030,Fall,CHEM120,68.8
S11817,2034,Spring,CHEM120,78.2
S10472,2027,Fall,PSY101,62.5
S10563,2027,Spring,HIST205,72.1
S11833,2034,Summer,HIST205,86.3
S11588,2032,Fall,HIST205,74.7
S10445,2027,Fall,PSY101,80.0
S11113,2030,Spring,PSY101,82.6
S10557,2027,Fall,BIO110,71.2
S12960,2039,Spring,BIO110,84.1
S12618,2038,Spring,ECON210,93.0
S11977,2034,Summer,MATH101,91.6
S12361,2036,Spring,BIO110,75.8
S10356,2026,Spring,CS150,73.2
S11344,2031,Summer,HIST205,87.6
S10248,2026,Fall,ENG201,87.5
S10526,2027,Fall,PSY101,61.6
S12458,2037,Summer,PSY101,92.0
S10068,2025,Fall,CS150,74.9
S11262,2031,Fall,ECON210,84.3
S12695,2038,Fall,CHEM120,100.0
S11798,2033,Summer,PSY101,91.3
S12690,2038,Summer,CS150,81.2
S11354,2031,Summer,ENG201,75.4
S11246,2031,Spring,PSY101,80.3
S11300,2031,Fall,PSY101,74.7
S12932,2039,Fall,ENG201,83.6
S10580,2027,Fall,PSY101,77.4
S11584,2032,Spring,ENG201,84.8
S11429,2032,Spring,HIST205,79.1
S13063,2040,Spring,CS150,87.8
S11981,2034,Spring,CS150,73.0
S10202,2026,Summer,BIO110,82.0
S12202,2036,Fall,HIST205,92.4
S12505,2037,Summer,MATH101,81.4
S11043,2030,Spring,PSY101,78.4
S11973,2034,Summer,CHEM120,85.6
S11904,2034,Summer,CHEM120,83.1
S12382,2036,Spring,PSY101,89.4
S11997,2034,Spring,CS150,76.9
S13023,2040,Summer,ENG201,100.0
S11297,2031,Spring,CS150,77.7
S10935,2029,Fall,BIO110,73.3
S12232,2036,Fall,PSY101,70.9
S10339,2026,Spring,PSY101,68.8
S11099,2030,Summer,ECON210,81.4
S11431,2032,Fall,ENG201,87.9
S11790,2033,Summer,MATH101,67.7
S10212,2026,Summer,CS150,81.0
S10440,2027,Fall,HIST205,77.7
S12043,2035,Spring,ECON210,86.6
S11498,2032,Fall,BIO110,89.5
S10178,2025,Spring,PSY101,69.9
S10452,2027,Summer,ECON210,66.8
S10791,2028,Summer,CHEM120,77.7
S12904,2039,Summer,PSY101,78.5
S12418,2037,Summer,HIST205,91.1
S12385,2036,Fall,MATH101,80.6
S12081,2035,Summer,MATH101,90.1
S12949,2039,Spring,ECON210,77.6
S10676,2028,Summer,MATH101,67.1
S12051,2035,Summer,CHEM120,78.4
S10592,2027,Summer,ECON210,78.5
S12562,2037,Summer,ECON210,80.6
S12523,2037,Summer,ECON210,85.5
S11624,2033,Spring,MATH101,97.7
S10857,2029,Fall,MATH101,81.1
S13156,2040,Fall,ECON210,82.1
S12085,2035,Fall,CS150,75.6
S12794,2038,Summer,PSY101,89.1
S10751,2028,Summer,ENG201,65.2
S10254,2026,Spring,CHEM120,61.2
S12350,2036,Spring,BIO110,95.1
S12968,2039,Spring,HIST205,76.1
S12713,2038,Spring,CS150,78.1
S11205,2031,Fall,PSY101,80.3
S13108,2040,Fall,CHEM120,95.6
S11486,2032,Fall,CS150,70.0
S12223,2036,Spring,CS150,85.2
S12231,2036,Spring,CHEM120,93.0
S11385,2031,Fall,PSY101,82.4
S10476,2027,Summer,HIST205,79.3
S10088,2025,Fall,BIO110,67.8
S11292,2031,Spring,CHEM120,80.0
S11976,2034,Fall,HIST205,93.0
S11621,2033,Summer,ENG201,71.2
S11795,2033,Spring,PSY101,76.7
S13001,2040,Fall,HIST205,85.1
S10741,2028,Fall,BIO110,65.8
S12732,2038,Fall,ENG201,93.8
S10655,2028,Summer,HIST205,76.5
S12529,2037,Spring,BIO110,79.0
S11726,2033,Spring,PSY101,78.4
S12262,2036,Spring,PSY101,96.6
S11557,2032,Summer,CS150,74.9
S11525,2032,Spring,ENG201,90.0
S12121,2035,Summer,HIST205,91.6
S12664,2038,Fall,ECON210,93.0
S10946,2029,Summer,ENG201,65.1
S11177,2030,Fall,PSY101,77.9
S12341,2036,Summer,CHEM120,90.0
S11213,2031,Summer,BIO110,87.2
S12225,2036,Summer,MATH101,97.2
S12093,2035,Summer,BIO110,76.2
S13069,2040,Summer,CS150,97.5
S10809,2029,Fall,ECON210,70.2
S11032,2030,Fall,ECON210,81.9
S10706,2028,Summer,CHEM120,65.8
S12517,2037,Summer,CS150,70.2
S10719,2028,Fall,PSY101,75.5
S13088,2040,Summer,PSY101,76.4
S10332,2026,Spring,CHEM120,73.9
S11050,2030,Summer,ECON210,73.7
S11462,2032,Spring,PSY101,79.7
S11499,2032,Fall,BIO110,86.1
S11638,2033,Summer,ENG201,99.2
S12391,2036,Fall,PSY101,79.2
S12527,2037,Spring,PSY101,92.9
S10792,2028,Spring,BIO110,78.2
S12325,2036,Summer,MATH101,92.0
S12330,2036,Fall,CHEM120,84.3
S12983,2039,Spring,ENG201,93.0
S12853,2039,Spring,HIST205,92.4
S10294,2026,Summer,PSY101,76.2
S12878,2039,Summer,HIST205,93.0
S10081,2025,Spring,CS150,74.9
S11667,2033,Fall,PSY101,78.6
S11552,2032,Summer,HIST205,74.3
S12072,2035,Fall,MATH101,86.0
S12956,2039,Summer,ENG201,98.1
S10671,2028,Spring,ECON210,59.4
S12274,2036,Spring,BIO110,78.0
S11459,2032,Fall,MATH101,86.7
S13075,2040,Spring,ENG201,100.0
S10789,2028,Summer,BIO110,62.7
S13127,2040,Summer,CS150,100.0
S11783,2033,Fall,ENG201,88.7
S12710,2038,Fall,PSY101,82.8
S12991,2039,Fall,HIST205,95.5
S11089,2030,Spring,BIO110,77.1
S10338,2026,Spring,CS150,76.6
S10555,2027,Spring,CHEM120,71.4
S11690,2033,Fall,CHEM120,87.4
S11192,2030,Fall,HIST205,73.9
S10777,2028,Fall,BIO110,74.0
S10234,2026,Fall,HIST205,90.5
S12218,2036,Fall,CHEM120,100.0
S10443,2027,Fall,ECON210,74.0
S10363,2026,Summer,CHEM120,76.5
S10140,2025,Fall,ECON210,73.8
S12005,2035,Spring,ENG201,87.0
S12868,2039,Fall,CHEM120,94.9
S11418,2032,Fall,BIO110,93.6
S10377,2026,Summer,ENG201,74.8
S11533,2032,Summer,ENG201,80.2
S11302,2031,Spring,CHEM120,78.6
S12295,2036,Spring,PSY101,90.8
S11158,2030,Spring,PSY101,86.5
S12283,2036,Summer,CS150,78.8
S12906,2039,Fall,CS150,87.3
S12091,2035,Spring,BIO110,87.7
S12854,2039,Spring,HIST205,100.0
S11250,2031,Fall,ECON210,82.6
S11220,2031,Summer,MATH101,70.5
S12076,2035,Spring,PSY101,90.3
S12310,2036,Spring,HIST205,84.1
S10552,2027,Fall,ECON210,84.0
S11065,2030,Summer,CHEM120,69.7
S13031,2040,Summer,PSY101,86.7
S12810,2039,Summer,ECON210,89.7
S10479,2027,Summer,CHEM120,83.6
S11979,2034,Spring,CS150,87.3
S12743,2038,Summer,PSY101,93.8
S12742,2038,Fall,CS150,89.7
S12144,2035,Spring,PSY101,83.5
S12937,2039,Fall,BIO110,88.8
S12757,2038,Spring,HIST205,83.3
S10984,2029,Summer,BIO110,77.3
S11769,2033,Summer,BIO110,87.1
S11577,2032,Fall,ENG201,90.7
S11376,2031,Summer,HIST205,74.6
S10748,2028,Spring,ECON210,71.1
S12413,2037,Fall,PSY101,80.7
S12363,2036,Spring,MATH101,95.6
S10702,2028,Fall,HIST205,70.4
S12155,2035,Spring,CHEM120,80.4
S12822,2039,Summer,CHEM120,90.3
S12972,2039,Summer,CS150,79.7
S11683,2033,Summer,ECON210,85.3
S12281,2036,Summer,ENG201,81.2
S12806,2039,Summer,CHEM120,90.0
S10584,2027,Fall,CS150,76.1
S11982,2034,Fall,BIO110,79.0
S12034,2035,Summer,ENG201,93.8
S12719,2038,Summer,PSY101,90.3
S11931,2034,Summer,CHEM120,88.0
S12417,2037,Fall,ECON210,90.7
S12969,2039,Fall,BIO110,92.8
S12607,2038,Fall,PSY101,71.7
S13064,2040,Fall,CS150,79.9
S10570,2027,Fall,CS150,74.8
S12219,2036,Spring,CS150,84.7
S11759,2033,Spring,CS150,93.2
S11333,2031,Spring,MATH101,91.9
S12149,2035,Summer,HIST205,72.2
S10871,2029,Spring,MATH101,70.9
S13142,2040,Summer,BIO110,91.2
S10890,2029,Fall,HIST205,83.9
S12269,2036,Fall,ENG201,86.0
S11861,2034,Fall,HIST205,90.5
S12585,2037,Summer,HIST205,83.0
S12242,2036,Fall,ENG201,100.0
S11885,2034,Summer,ECON210,86.2
S12740,2038,Fall,ECON210,92.7
S10269,2026,Summer,PSY101,74.4
S11561,2032,Spring,ENG201,75.4
S11183,2030,Fall,MATH101,66.1
S11433,2032,Summer,CS150,76.7
S12406,2037,Fall,CS150,77.6
S11314,2031,Summer,ECON210,80.1
S12454,2037,Spring,HIST205,93.5
S10981,2029,Summer,BIO110,80.7
S12400,2037,Summer,PSY101,82.2
S13036,2040,Spring,ENG201,89.3
S12261,2036,Fall,CHEM120,89.9
S13097,2040,Fall,ENG201,96.7
S11536,2032,Fall,HIST205,85.4
S11416,2032,Fall,BIO110,81.8
S11717,2033,Spring,BIO110,84.2
S11270,2031,Fall,HIST205,88.7
S12789,2038,Spring,BIO110,90.8
S10388,2026,Spring,HIST205,80.9
S13051,2040,Spring,ENG201,86.3
S12880,2039,Spring,CHEM120,72.8
S10283,2026,Fall,BIO110,63.4
S11141,2030,Spring,ENG201,89.7
S10653,2028,Fall,ENG201,67.1
S12101,2035,Summer,ECON210,78.1
S11749,2033,Fall,BIO110,90.7
S12421,2037,Fall,BIO110,97.4
S10698,2028,Spring,ENG201,83.4
S13096,2040,Summer,BIO110,100.0
S10747,2028,Spring,ECON210,70.0
S11630,2033,Spring,CS150,86.5
S10632,2028,Summer,ENG201,74.7
S10778,2028,Summer,ENG201,75.4
S12244,2036,Summer,PSY101,99.6
S10708,2028,Summer,CS150,59.3
S12213,2036,Summer,CHEM120,83.0
S12449,2037,Summer,PSY101,82.5
S10148,2025,Fall,MATH101,76.2
S12112,2035,Summer,CS150,85.7
S11579,2032,Summer,CS150,74.9
S10955,2029,Summer,BIO110,86.3
S12997,2039,Summer,MATH101,80.7
S10414,2027,Spring,MATH101,77.3
S10597,2027,Fall,BIO110,66.8
S11662,2033,Spring,PSY101,65.7
S12548,2037,Summer,CS150,96.2
S13116,2040,Fall,PSY101,90.4
S12070,2035,Summer,BIO110,93.1
S12082,2035,Spring,HIST205,73.8
S10105,2025,Spring,BIO110,75.2
S10192,2025,Summer,CHEM120,73.7
S10374,2026,Summer,HIST205,90.6
S11918,2034,Spring,CHEM120,82.7
S11028,2030,Summer,CS150,83.6
S13112,2040,Summer,ENG201,89.6
S12198,2035,Spring,CS150,80.2
S10839,2029,Spring,HIST205,75.6
S13054,2040,Fall,CHEM120,100.0
S11480,2032,Fall,CHEM120,87.1
S12739,2038,Fall,BIO110,96.2
S10415,2027,Summer,ECON210,68.7
S12453,2037,Fall,ENG201,82.3
S10962,2029,Fall,ENG201,78.9
S12006,2035,Spring,HIST205,85.3
S12699,2038,Fall,BIO110,100.0
S13022,2040,Spring,CS150,88.7
S10564,2027,Summer,PSY101,84.3
S12668,2038,Summer,ENG201,93.8
S12222,2036,Fall,HIST205,92.6
S11578,2032,Fall,MATH101,75.5
S12049,2035,Fall,ENG201,86.6
S11112,2030,Summer,CHEM120,85.6
S11988,2034,Spring,BIO110,78.9
S12636,2038,Spring,MATH101,90.9
S11044,2030,Spring,CHEM120,77.3
S11368,2031,Summer,PSY101,76.5
S10907,2029,Fall,CS150,83.3
S10664,2028,Fall,ENG201,70.3
S10713,2028,Fall,CS150,79.2
S12780,2038,Spring,HIST205,96.3
S11083,2030,Spring,MATH101,95.3
S10243,2026,Fall,CS150,80.3
S10933,2029,Fall,HIST205,59.7
S11156,2030,Spring,CHEM120,73.2
S10825,2029,Summer,CS150,89.0
S10035,2025,Fall,HIST205,62.2
S10922,2029,Summer,HIST205,78.4
S11916,2034,Summer,MATH101,77.7
S12482,2037,Spring,BIO110,100.0
S11776,2033,Fall,HIST205,77.8
S11170,2030,Spring,BIO110,84.7
S11858,2034,Summer,ENG201,86.3
S12776,2038,Summer,PSY101,87.3
S11747,2033,Fall,MATH101,86.7
S12728,2038,Spring,CHEM120,83.4
S11053,2030,Fall,CHEM120,80.8
S11698,2033,Spring,BIO110,86.8
S11367,2031,Fall,CHEM120,72.5
S10837,2029,Summer,CHEM120,69.3
S11495,2032,Fall,ENG201,97.4
S10690,2028,Fall,ENG201,73.1
S11503,2032,Summer,BIO110,81.3
S10991,2029,Summer,PSY101,61.0
S11987,2034,Summer,CHEM120,88.1
S11551,2032,Spring,CS150,79.7
S11909,2034,Spring,CS150,85.1
S13062,2040,Fall,ENG201,91.3
S10158,2025,Summer,ENG201,62.5
S11611,2033,Fall,ENG201,70.2
S11316,2031,Fall,PSY101,71.5
S11816,2034,Spring,CS150,66.8
S10397,2026,Spring,ENG201,84.2
S10277,2026,Spring,HIST205,68.5
S12083,2035,Fall,CS150,67.0
S11052,2030,Fall,BIO110,82.6
S12856,2039,Fall,HIST205,84.9
S11030,2030,Fall,HIST205,76.6
S11100,2030,Spring,HIST205,86.7
S10262,2026,Spring,PSY101,50.0
S12847,2039,Fall,HIST205,84.0
S10299,2026,Summer,CS150,78.4
S10159,2025,Spring,CHEM120,77.3
S11327,2031,Spring,HIST205,78.8
S10030,2025,Spring,ENG201,67.2
S10022,2025,Fall,ENG201,72.5
S11226,2031,Spring,ENG201,80.4
S10070,2025,Summer,BIO110,74.9
S11980,2034,Summer,ECON210,76.2
S12474,2037,Summer,CHEM120,90.4
S11763,2033,Fall,BIO110,69.9
S12502,2037,Summer,CHEM120,85.3
S12136,2035,Fall,BIO110,86.1
S11604,2033,Spring,MATH101,78.8
S11072,2030,Spring,HIST205,79.3
S12978,2039,Fall,HIST205,95.0
S12702,2038,Fall,CS150,100.0
S10260,2026,Spring,BIO110,65.9
S13026,2040,Summer,BIO110,93.5
S12478,2037,Fall,HIST205,77.3
S10293,2026,Summer,HIST205,80.1
S11467,2032,Spring,MATH101,84.5
S12603,2038,Spring,PSY101,79.8
S12285,2036,Spring,HIST205,90.4
S12402,2037,Spring,MATH101,83.6
S13103,2040,Fall,BIO110,100.0
S12837,2039,Spring,MATH101,100.0
S11330,2031,Spring,ENG201,92.2
S12394,2036,Spring,ECON210,86.0
S10636,2028,Summer,MATH101,82.6
S11310,2031,Spring,CS150,79.8
S10098,2025,Fall,CHEM120,72.0
S11201,2031,Fall,ECON210,76.6
S10806,2029,Spring,CHEM120,79.1
S10742,2028,Fall,ENG201,71.0
S11088,2030,Fall,ECON210,76.6
S12726,2038,Spring,CHEM120,97.4
S10499,2027,Fall,PSY101,63.6
S11777,2033,Spring,BIO110,82.4
S11218,2031,Spring,CHEM120,73.3
S11526,2032,Spring,ECON210,96.4
S10051,2025,Spring,CHEM120,68.9
S12791,2038,Summer,MATH101,84.9
S11315,2031,Spring,CS150,69.5
S10941,2029,Summer,BIO110,84.3
S11203,2031,Fall,PSY101,84.3
S12133,2035,Spring,PSY101,90.1
S11472,2032,Fall,ECON210,80.3
S12407,2037,Summer,CS150,94.6
S11884,2034,Summer,HIST205,83.8
S11307,2031,Fall,CS150,79.9
S10319,2026,Spring,CHEM120,72.3
S13123,2040,Summer,ECON210,89.1
S10403,2027,Spring,PSY101,75.0
S12659,2038,Summer,MATH101,93.8
S12273,2036,Fall,BIO110,86.9
S12240,2036,Spring,MATH101,87.5
S11364,2031,Spring,PSY101,89.6
S10860,2029,Fall,ENG201,79.0
S11676,2033,Spring,ENG201,92.4
S10887,2029,Spring,PSY101,74.5
S11705,2033,Spring,MATH101,80.7
S11550,2032,Spring,ENG201,80.5
S11114,2030,Summer,CS150,79.9
S12749,2038,Summer,ECON210,87.7
S12840,2039,Fall,ENG201,93.0
S12512,2037,Summer,ENG201,92.4
S11129,2030,Fall,HIST205,81.3
S10346,2026,Fall,ECON210,61.7
S12673,2038,Fall,ENG201,85.0
S12371,2036,Summer,ECON210,82.3
S12783,2038,Summer,CHEM120,81.0
S11649,2033,Spring,MATH101,100.0
S11511,2032,Summer,MATH101,79.8
S12698,2038,Spring,ECON210,94.3
S11299,2031,Fall,BIO110,82.6
S10601,2028,Fall,CS150,68.6
S11917,2034,Spring,CHEM120,79.0
S10643,2028,Spring,BIO110,64.0
S12959,2039,Fall,CHEM120,81.8
S11466,2032,Summer,BIO110,94.7
S13099,2040,Summer,ENG201,96.6
S12828,2039,Summer,MATH101,98.3
S11801,2034,Fall,CHEM120,83.5
S11448,2032,Spring,BIO110,91.2
S12107,2035,Summer,MATH101,90.4
S10916,2029,Summer,CS150,82.2
S11067,2030,Summer,ECON210,88.0
S12627,2038,Fall,MATH101,94.9
S10469,2027,Fall,CHEM120,70.1
S10624,2028,Summer,CHEM120,88.7
S13078,2040,Fall,CS150,93.9
S12884,2039,Fall,CHEM120,68.7
S12120,2035,Spring,CS150,100.0
S12703,2038,Spring,ENG201,97.5
S11023,2030,Fall,MATH101,95.8
S13114,2040,Summer,PSY101,95.1
S10074,2025,Fall,ENG201,51.0
S12224,2036,Fall,ECON210,81.5
S13032,2040,Spring,ECON210,95.6
S10055,2025,Summer,CHEM120,79.5
S11062,2030,Spring,CHEM120,87.9
S12720,2038,Summer,MATH101,100.0
S12759,2038,Spring,MATH101,94.3
S12071,2035,Spring,BIO110,95.2
S12549,2037,Summer,ECON210,100.0
S10677,2028,Fall,HIST205,90.0
S13071,2040,Spring,BIO110,100.0
S12945,2039,Summer,BIO110,81.5
S11791,2033,Summer,CHEM120,83.6
S11391,2031,Spring,MATH101,74.6
S13027,2040,Fall,PSY101,95.6
S11659,2033,Spring,BIO110,91.8
S12843,2039,Spring,CHEM120,81.3
S12263,2036,Fall,HIST205,78.1
S11695,2033,Spring,PSY101,98.2
S11670,2033,Spring,HIST205,80.8
S10201,2026,Summer,CHEM120,77.8
S13048,2040,Spring,HIST205,95.4
S13012,2040,Summer,MATH101,81.7
S11073,2030,Spring,HIST205,68.4
S12877,2039,Summer,PSY101,85.3
S10826,2029,Spring,PSY101,90.0
S10627,2028,Summer,MATH101,75.0
S11122,2030,Summer,CS150,83.8
S12332,2036,Summer,ECON210,74.5
S13130,2040,Spring,HIST205,91.3
S11342,2031,Fall,PSY101,83.5
S12183,2035,Fall,MATH101,96.3
S10850,2029,Spring,PSY101,72.3
S11765,2033,Spring,CS150,75.9
S11907,2034,Fall,ENG201,75.0
S11189,2030,Summer,ECON210,70.9
S13101,2040,Summer,PSY101,98.8
S11256,2031,Fall,MATH101,93.4
S11239,2031,Summer,MATH101,93.0
S11534,2032,Summer,BIO110,77.6
S10370,2026,Summer,CS150,73.5
S12245,2036,Summer,ECON210,87.5
S12289,2036,Summer,HIST205,98.0
S10530,2027,Fall,CHEM120,79.8
S12501,2037,Fall,HIST205,95.7
S11061,2030,Fall,ECON210,55.9
S13092,2040,Spring,ECON210,91.2
S12234,2036,Fall,PSY101,77.0
S12578,2037,Summer,CHEM120,90.2
S10739,2028,Spring,HIST205,84.1
S11040,2030,Summer,CHEM120,92.1
S12939,2039,Spring,BIO110,87.5
S11447,2032,Spring,HIST205,86.0
S11042,2030,Fall,ECON210,87.3
S12954,2039,Fall,ECON210,83.1
S11396,2031,Spring,CHEM120,69.2
S10604,2028,Summer,ENG201,79.3
S10280,2026,Fall,ENG201,74.2
S12745,2038,Fall,CS150,87.0
S11144,2030,Spring,CS150,77.3
S12162,2035,Summer,ECON210,89.3
S12206,2036,Spring,ENG201,98.5
S11998,2034,Fall,CHEM120,82.7
S13163,2040,Summer,CS150,86.4
S10066,2025,Fall,ENG201,71.4
S12419,2037,Fall,CS150,77.4
S11171,2030,Fall,PSY101,80.9
S10869,2029,Fall,ECON210,93.4
S10198,2025,Spring,PSY101,72.5
S10565,2027,Spring,CHEM120,71.4
S12000,2035,Fall,CHEM120,79.9
S12098,2035,Fall,PSY101,72.9
S10700,2028,Spring,HIST205,71.8
S12677,2038,Summer,CHEM120,76.8
S12291,2036,Fall,CS150,94.5
S11400,2032,Summer,MATH101,73.0
S12229,2036,Fall,MATH101,94.7
S12029,2035,Spring,MATH101,81.4
S10007,2025,Spring,CHEM120,78.1
S12771,2038,Summer,ENG201,83.4
S12199,2035,Summer,BIO110,89.2
S12560,2037,Fall,HIST205,79.9
S11155,2030,Summer,HIST205,86.7
S12239,2036,Spring,ENG201,92.2
S10505,2027,Spring,BIO110,70.8
S12609,2038,Spring,PSY101,99.5
S11995,2034,Fall,CHEM120,92.6
S11217,2031,Summer,CS150,82.2
S12646,2038,Fall,ENG201,86.4
S11370,2031,Summer,ENG201,78.6
S11967,2034,Summer,CS150,82.8
S11829,2034,Spring,HIST205,84.2
S11475,2032,Summer,CS150,86.5
S12020,2035,Fall,MATH101,85.8
S10634,2028,Fall,MATH101,67.9
S10637,2028,Spring,ECON210,76.6
S10813,2029,Fall,BIO110,78.9
S11946,2034,Fall,CS150,87.0
S12190,2035,Spring,ENG201,72.5
S11019,2030,Summer,CS150,82.1
S12516,2037,Spring,HIST205,88.7
S12679,2038,Summer,BIO110,87.2
S11658,2033,Summer,ECON210,74.6
S10366,2026,Summer,MATH101,75.1
S12875,2039,Spring,CS150,83.4
S11254,2031,Fall,ECON210,89.8
S10361,2026,Spring,CHEM120,85.6
S10817,2029,Fall,ENG201,84.5
S12717,2038,Spring,ECON210,96.4
S10031,2025,Summer,HIST205,86.8
S12507,2037,Summer,BIO110,98.0
S11934,2034,Fall,ENG201,100.0
S10966,2029,Fall,MATH101,71.9
S11417,2032,Fall,CHEM120,83.5
S13125,2040,Fall,CS150,97.9
S12216,2036,Spring,CS150,83.2
S11390,2031,Fall,CS150,83.7
S11590,2032,Summer,PSY101,72.8
S12250,2036,Fall,MATH101,85.6
S10009,2025,Fall,CHEM120,76.3
S10004,2025,Fall,ENG201,70.1
S10992,2029,Fall,PSY101,75.4
S13021,2040,Fall,MATH101,88.3
S10879,2029,Spring,CS150,86.8
S10136,2025,Summer,CHEM120,65.7
S13168,2040,Fall,ENG201,91.2
S13197,2040,Fall,BIO110,76.9
S12097,2035,Spring,CHEM120,76.8
S12626,2038,Spring,ECON210,100.0
S10656,2028,Summer,BIO110,76.1
S10349,2026,Summer,CHEM120,71.6
S12967,2039,Summer,BIO110,86.1
S12215,2036,Fall,MATH101,88.8
S10679,2028,Summer,HIST205,86.2
S10868,2029,Spring,ENG201,82.6
S10267,2026,Spring,ECON210,61.9
S10650,2028,Spring,PSY101,90.8
S11098,2030,Spring,MATH101,86.0
S10726,2028,Spring,PSY101,76.1
S10986,2029,Summer,CHEM120,89.4
S11673,2033,Summer,ECON210,75.3
S11123,2030,Summer,MATH101,69.5
S12141,2035,Fall,BIO110,85.7
S10286,2026,Summer,CS150,72.1
S12282,2036,Spring,ECON210,96.2
S10987,2029,Summer,ENG201,84.4
S11512,2032,Fall,ENG201,75.6
S10882,2029,Summer,ECON210,73.4
S12001,2035,Spring,CS150,84.2
S11883,2034,Spring,CS150,79.3
S11903,2034,Summer,MATH101,87.0
S10576,2027,Spring,HIST205,76.6
S10788,2028,Spring,CS150,75.4
S10165,2025,Fall,HIST205,75.3
S10783,2028,Summer,PSY101,80.9
S13017,2040,Summer,PSY101,69.3
S11781,2033,Spring,CS150,82.0
S10599,2027,Summer,PSY101,77.7
S11352,2031,Fall,ECON210,84.3
S12768,2038,Fall,ENG201,85.2
S10359,2026,Fall,MATH101,66.7
S10389,2026,Fall,BIO110,68.7
S12933,2039,Spring,ENG201,98.3
S10612,2028,Spring,CS150,78.2
S11865,2034,Fall,CS150,70.7
S10493,2027,Summer,CS150,67.8
S10061,2025,Fall,ENG201,70.5
S10000,2025,Fall,ENG201,76.0
S11337,2031,Summer,MATH101,77.6
S12338,2036,Summer,PSY101,86.7
S12471,2037,Fall,MATH101,100.0
S12115,2035,Fall,ECON210,81.2
S11025,2030,Spring,CS150,82.2
S10001,2025,Spring,HIST205,70.9
S11191,2030,Spring,BIO110,68.0
S12534,2037,Summer,HIST205,84.7
S10709,2028,Spring,MATH101,89.6
S11271,2031,Spring,PSY101,84.9
S12432,2037,Spring,ENG201,87.8
S12388,2036,Fall,BIO110,93.8
S11782,2033,Fall,CHEM120,70.6
S12425,2037,Spring,CHEM120,92.1
S11942,2034,Fall,HIST205,86.2
S10968,2029,Spring,HIST205,77.0
S11126,2030,Spring,ENG201,81.1
S10512,2027,Summer,ECON210,72.8
S10855,2029,Spring,PSY101,72.8
S11125,2030,Fall,CHEM120,69.5
S12233,2036,Spring,CHEM120,93.8
S12962,2039,Fall,CS150,86.4
S12397,2036,Summer,BIO110,78.6
S10311,2026,Summer,PSY101,82.1
S10128,2025,Summer,ECON210,72.8
S12304,2036,Fall,CHEM120,100.0
S11773,2033,Spring,CS150,84.2
S10252,2026,Spring,CHEM120,90.3
S11750,2033,Fall,CHEM120,61.0
S12730,2038,Fall,BIO110,99.2
S13128,2040,Spring,MATH101,92.6
S12645,2038,Spring,ECON210,83.1
S10930,2029,Spring,CS150,72.9
S12435,2037,Fall,MATH101,85.0
S12857,2039,Spring,BIO110,88.8
S11779,2033,Fall,PSY101,77.1
S11595,2032,Spring,CS150,73.3
S12839,2039,Spring,PSY101,89.4
S11249,2031,Summer,ECON210,67.6
S12929,2039,Summer,ENG201,98.6
S13004,2040,Fall,CS150,96.5
S12604,2038,Summer,CHEM120,84.3
S12146,2035,Fall,PSY101,72.5
S10325,2026,Summer,HIST205,63.6
S10062,2025,Summer,PSY101,63.1
S10275,2026,Fall,CHEM120,77.0
S10770,2028,Summer,PSY101,81.7
S12123,2035,Fall,ENG201,83.2
S11772,2033,Fall,CS150,77.7
S11788,2033,Fall,ENG201,85.2
S11945,2034,Spring,PSY101,81.0
S12576,2037,Fall,BIO110,99.7
S13173,2040,Fall,ENG201,98.2
S11378,2031,Summer,ECON210,75.2
S10245,2026,Summer,CHEM120,70.7
S10207,2026,Summer,HIST205,77.4
S11435,2032,Spring,HIST205,83.6
S11359,2031,Summer,PSY101,81.5
S10384,2026,Summer,BIO110,67.3
S12080,2035,Spring,PSY101,85.3
S11173,2030,Fall,CHEM120,78.2
S10422,2027,Summer,CHEM120,72.7
S11607,2033,Spring,ECON210,95.7
S11115,2030,Spring,PSY101,81.6
S10769,2028,Summer,CS150,90.5
S10399,2026,Spring,MATH101,83.2
S12116,2035,Fall,CS150,83.5
S12236,2036,Fall,BIO110,86.8
S12660,2038,Spring,HIST205,79.9
S11410,2032,Fall,ECON210,92.0
S10185,2025,Spring,ENG201,77.7
S10847,2029,Fall,BIO110,97.0
S10629,2028,Fall,ENG201,84.8
S11080,2030,Fall,HIST205,75.9
S11338,2031,Summer,PSY101,76.9
S12470,2037,Summer,ECON210,96.6
S11457,2032,Spring,BIO110,84.4
S12130,2035,Summer,CHEM120,88.8
S11441,2032,Summer,CS150,90.7
S11085,2030,Fall,CHEM120,82.1
S11848,2034,Fall,ECON210,91.8
S12184,2035,Spring,HIST205,67.6
S10934,2029,Summer,BIO110,80.9
S10292,2026,Summer,MATH101,68.6
S11046,2030,Spring,MATH101,83.9
S10811,2029,Summer,PSY101,73.8
S11622,2033,Fall,ENG201,90.0
S12649,2038,Fall,HIST205,96.6
S11537,2032,Fall,CHEM120,77.1
S10263,2026,Spring,BIO110,65.1
S12804,2039,Spring,PSY101,89.9
S11151,2030,Summer,MATH101,61.4
S13176,2040,Summer,MATH101,80.3
S10024,2025,Fall,HIST205,67.6
S12915,2039,Spring,HIST205,100.0
S11243,2031,Fall,PSY101,71.9
S12564,2037,Summer,BIO110,80.8
S11613,2033,Summer,HIST205,82.0
S10023,2025,Summer,ENG201,60.6
S10503,2027,Spring,ECON210,79.2
S10835,2029,Summer,MATH101,79.2
S11938,2034,Summer,ENG201,92.7
S10411,2027,Summer,ENG201,65.7
S11703,2033,Fall,ENG201,91.5
S11978,2034,Spring,BIO110,77.8
S12027,2035,Fall,HIST205,95.2
S11870,2034,Fall,ENG201,75.2
S12617,2038,Spring,HIST205,90.0
S12738,2038,Fall,CS150,100.0
S12787,2038,Spring,PSY101,79.0
S11108,2030,Spring,ECON210,73.7
S11221,2031,Spring,CHEM120,82.5
S10281,2026,Spring,BIO110,78.6
S12443,2037,Fall,CHEM120,93.5
S11556,2032,Fall,BIO110,88.6
S11096,2030,Fall,MATH101,79.3
S12066,2035,Spring,ENG201,65.8
S11681,2033,Fall,CS150,82.5
S10019,2025,Spring,CS150,60.7
S11956,2034,Fall,CS150,66.9
S11003,2030,Spring,MATH101,73.5
S10768,2028,Summer,BIO110,71.0
S11897,2034,Spring,HIST205,96.8
S11361,2031,Summer,CS150,84.6
S12925,2039,Summer,PSY101,92.7
S11631,2033,Spring,PSY101,75.9
S10775,2028,Spring,PSY101,63.4
S10590,2027,Spring,BIO110,75.2
S13016,2040,Fall,CS150,79.8
S13158,2040,Spring,BIO110,100.0
S11272,2031,Spring,ENG201,71.3
S12546,2037,Summer,CHEM120,77.0
S11784,2033,Summer,BIO110,83.3
S10659,2028,Spring,ENG201,74.8
S10126,2025,Spring,CHEM120,64.1
S13185,2040,Spring,ECON210,100.0
S10574,2027,Fall,CS150,81.3
S10316,2026,Summer,CHEM120,78.8
S12480,2037,Spring,PSY101,83.2
S12942,2039,Spring,MATH101,95.8
S13192,2040,Fall,ENG201,100.0
S10645,2028,Summer,HIST205,73.8
S11341,2031,Fall,BIO110,80.0
S10025,2025,Fall,CS150,72.9
S12100,2035,Spring,ECON210,88.3
S10169,2025,Spring,HIST205,66.0
S11506,2032,Summer,ECON210,86.9
S11722,2033,Summer,PSY101,88.6
S13039,2040,Summer,MATH101,90.3
S11614,2033,Fall,ENG201,81.2
S10453,2027,Summer,PSY101,78.7
S13164,2040,Spring,MATH101,82.8
S10046,2025,Spring,CHEM120,68.3
S10553,2027,Summer,CHEM120,76.7
S11594,2032,Fall,CHEM120,62.4
S10948,2029,Fall,ENG201,77.0
S11238,2031,Summer,CS150,84.6
S10396,2026,Summer,ECON210,59.6
S12494,2037,Fall,ECON210,77.9
S10638,2028,Summer,PSY101,65.7
S10680,2028,Summer,CS150,81.8
S11124,2030,Summer,CS150,91.7
S13106,2040,Spring,PSY101,81.7
S10091,2025,Fall,HIST205,79.7
S12063,2035,Summer,HIST205,84.5
S10745,2028,Fall,CS150,70.2
S10152,2025,Fall,CS150,66.6
S11018,2030,Spring,ENG201,76.1
S11553,2032,Spring,PSY101,74.7
S12463,2037,Fall,HIST205,78.1
S10779,2028,Fall,BIO110,81.0
S10471,2027,Summer,MATH101,56.3
S10943,2029,Spring,HIST205,76.5
S10516,2027,Spring,ENG201,78.7
S10141,2025,Fall,BIO110,82.5
S12746,2038,Fall,CHEM120,91.3
S11699,2033,Spring,MATH101,84.1
S11267,2031,Fall,PSY101,72.8
S11176,2030,Fall,PSY101,65.1
S11175,2030,Summer,ECON210,76.4
S11230,2031,Fall,CS150,75.5
S10486,2027,Spring,HIST205,69.5
S11251,2031,Summer,BIO110,86.7
S10800,2029,Spring,BIO110,84.8
S12481,2037,Fall,CS150,100.0
S10463,2027,Fall,ECON210,76.4
S12138,2035,Fall,MATH101,75.4
S11411,2032,Summer,ENG201,85.8
S10989,2029,Spring,BIO110,77.5
S11913,2034,Summer,BIO110,88.0
S12772,2038,Fall,HIST205,87.9
S12788,2038,Summer,PSY101,85.7
S12334,2036,Spring,CS150,93.8
S11150,2030,Spring,PSY101,70.7
S12311,2036,Fall,ECON210,100.0
S11822,2034,Summer,ECON210,82.2
S10002,2025,Spring,CHEM120,77.2
S12170,2035,Spring,HIST205,93.2
S11664,2033,Summer,ENG201,93.0
S11090,2030,Spring,BIO110,78.1
S12903,2039,Summer,CHEM120,93.3
S12869,2039,Spring,HIST205,100.0
S11692,2033,Fall,MATH101,89.6
S11106,2030,Summer,CHEM120,83.6
S12684,2038,Spring,BIO110,92.0
S10431,2027,Summer,HIST205,58.4
S11227,2031,Fall,ECON210,78.8
S12845,2039,Fall,MATH101,81.9
S10145,2025,Fall,CHEM120,78.3
S12943,2039,Summer,HIST205,89.1
S10810,2029,Summer,HIST205,75.8
S11928,2034,Fall,HIST205,92.8
S12483,2037,Summer,CS150,81.9
S12785,2038,Fall,PSY101,86.5
S12905,2039,Spring,PSY101,96.7
S12203,2036,Summer,CS150,76.3
S12379,2036,Spring,PSY101,88.7
S10380,2026,Fall,ECON210,66.6
S12985,2039,Summer,CS150,83.0
S11320,2031,Spring,ENG201,80.5
S10535,2027,Fall,MATH101,75.0
S12041,2035,Summer,BIO110,82.1
S11771,2033,Fall,ECON210,96.2
S10585,2027,Fall,CHEM120,76.7
S10914,2029,Fall,BIO110,76.6
S10123,2025,Spring,ECON210,60.8
S10112,2025,Summer,ECON210,72.5
S10418,2027,Spring,HIST205,84.1
S11351,2031,Summer,CHEM120,65.6
S12378,2036,Summer,ENG201,83.4
S12134,2035,Spring,ENG201,82.5
S11474,2032,Fall,ENG201,75.1
S12553,2037,Summer,BIO110,91.1
S11284,2031,Summer,PSY101,73.7
S10764,2028,Fall,ENG201,85.2
S11304,2031,Fall,CS150,84.3
S12265,2036,Summer,CS150,96.2
S12293,2036,Spring,MATH101,80.2
S11281,2031,Summer,ENG201,78.8
S11972,2034,Fall,ENG201,89.2
S11548,2032,Summer,ENG201,87.5
S10541,2027,Fall,HIST205,65.6
S13046,2040,Summer,PSY101,100.0
S11890,2034,Fall,PSY101,88.4
S10721,2028,Summer,ENG201,62.3
S10132,2025,Summer,HIST205,63.5
S11971,2034,Summer,MATH101,60.5
S11102,2030,Summer,ENG201,95.4
S12761,2038,Spring,BIO110,82.9
S11147,2030,Fall,ECON210,67.1
S10517,2027,Summer,ENG201,66.8
S12102,2035,Spring,ECON210,78.4
S12748,2038,Summer,HIST205,92.4
S10843,2029,Fall,ECON210,80.4
S12159,2035,Fall,BIO110,89.8
S10749,2028,Summer,HIST205,64.7
S10501,2027,Summer,MATH101,89.9
S12278,2036,Fall,ECON210,92.0
S10450,2027,Fall,ENG201,74.2
S10433,2027,Summer,ECON210,80.4
S10651,2028,Summer,ECON210,85.0
S10510,2027,Fall,ENG201,76.8
S12687,2038,Summer,BIO110,77.0
S11516,2032,Spring,PSY101,93.4
S12055,2035,Spring,MATH101,78.8
S11048,2030,Summer,BIO110,90.5
S12634,2038,Fall,MATH101,100.0
S12139,2035,Fall,PSY101,73.6
S12352,2036,Summer,ENG201,92.1
S12467,2037,Fall,ECON210,88.3
S11589,2032,Fall,PSY101,82.0
S10538,2027,Spring,ECON210,82.7
S10693,2028,Fall,ENG201,80.9
S12451,2037,Summer,CHEM120,81.3
S10079,2025,Fall,CS150,56.1
S10456,2027,Summer,HIST205,73.8
S10219,2026,Fall,PSY101,74.0
S12327,2036,Spring,ENG201,83.6
S12632,2038,Summer,ECON210,90.9
S12445,2037,Fall,MATH101,90.1
S12577,2037,Spring,PSY101,96.0
S10063,2025,Fall,ECON210,62.4
S10094,2025,Spring,CHEM120,68.9
S12979,2039,Summer,PSY101,92.3
S12377,2036,Spring,CS150,76.1
S11642,2033,Spring,CS150,82.0
S12887,2039,Summer,ENG201,100.0
S13041,2040,Spring,CS150,93.3
S10150,2025,Summer,CS150,74.0
S10100,2025,Fall,MATH101,60.7
S12600,2038,Summer,MATH101,74.3
S11443,2032,Fall,HIST205,71.0
S10797,2028,Fall,BIO110,81.5
S10842,2029,Spring,PSY101,68.4
S10197,2025,Spring,BIO110,73.2
S12238,2036,Fall,CS150,83.4
S11139,2030,Fall,ECON210,84.3
S10335,2026,Fall,MATH101,72.2
S10107,2025,Spring,ECON210,73.4
S13187,2040,Fall,MATH101,99.1
S12736,2038,Spring,BIO110,86.7
S11477,2032,Fall,ECON210,84.7
S12317,2036,Summer,CS150,81.7
S11377,2031,Fall,ENG201,88.3
S10143,2025,Spring,ENG201,73.5
S12191,2035,Spring,BIO110,89.0
S11815,2034,Spring,MATH101,76.9
S12782,2038,Summer,BIO110,79.7
S10834,2029,Fall,ECON210,77.1
S10803,2029,Summer,CHEM120,73.6
S10682,2028,Spring,PSY101,71.8
S10291,2026,Fall,PSY101,69.4
S10306,2026,Spring,ECON210,83.6
S12946,2039,Spring,BIO110,91.3
S12148,2035,Summer,PSY101,84.5
S12320,2036,Fall,BIO110,90.2
S13011,2040,Fall,ECON210,100.0
S12694,2038,Spring,CS150,92.0
S11546,2032,Spring,PSY101,73.3
S13035,2040,Spring,HIST205,95.6
S11565,2032,Summer,BIO110,79.1
S10915,2029,Fall,CS150,79.6
S12309,2036,Fall,CHEM120,93.8
S11402,2032,Summer,PSY101,90.8
S11215,2031,Summer,CHEM120,90.0
S11027,2030,Spring,BIO110,79.6
S11384,2031,Summer,ECON210,85.9
S11693,2033,Fall,HIST205,71.9
S12781,2038,Fall,MATH101,84.1
S11989,2034,Summer,ENG201,87.5
S13162,2040,Fall,HIST205,88.3
S12638,2038,Spring,ECON210,81.1
S11758,2033,Fall,CHEM120,95.6
S12829,2039,Summer,BIO110,87.7
S11832,2034,Summer,ECON210,91.6
S11345,2031,Summer,ECON210,68.1
S10127,2025,Spring,PSY101,67.5
S12533,2037,Fall,CS150,80.7
S10666,2028,Fall,PSY101,74.0
S12544,2037,Summer,MATH101,100.0
S11322,2031,Spring,PSY101,79.4
S12069,2035,Summer,ECON210,92.7
S11543,2032,Fall,ECON210,77.7
S11282,2031,Fall,MATH101,85.7
S10763,2028,Spring,CS150,75.2
S11932,2034,Summer,HIST205,80.3
S12440,2037,Summer,MATH101,100.0
S11357,2031,Summer,PSY101,83.1
S10622,2028,Fall,MATH101,91.1
S12862,2039,Summer,CHEM120,81.8
S12647,2038,Fall,CHEM120,78.1
S12228,2036,Spring,BIO110,71.7
S11634,2033,Fall,CS150,80.0
S10327,2026,Fall,ENG201,79.7
S10697,2028,Summer,HIST205,66.0
S13074,2040,Spring,PSY101,86.1
S11421,2032,Summer,CHEM120,89.9
S12953,2039,Spring,CHEM120,100.0
S11456,2032,Summer,HIST205,87.4
S12863,2039,Fall,BIO110,96.1
S13178,2040,Fall,ECON210,99.8
S11110,2030,Fall,BIO110,77.1
S12498,2037,Fall,CS150,94.3
S11643,2033,Spring,HIST205,86.3
S10617,2028,Spring,CS150,81.8
S12220,2036,Summer,ENG201,83.8
S12725,2038,Spring,ENG201,89.4
S10707,2028,Spring,HIST205,90.0
S12299,2036,Summer,CS150,74.6
S11842,2034,Spring,ENG201,79.6
S10913,2029,Summer,ENG201,90.0
S12119,2035,Fall,CHEM120,83.8
S10300,2026,Fall,PSY101,66.7
S10572,2027,Spring,BIO110,77.3
S11222,2031,Fall,CHEM120,85.1
S11186,2030,Fall,MATH101,70.8
S11294,2031,Summer,MATH101,80.7
S10623,2028,Spring,MATH101,86.8
S11957,2034,Fall,HIST205,100.0
S13141,2040,Fall,BIO110,75.0
S12931,2039,Fall,BIO110,87.0
S10118,2025,Spring,CHEM120,81.1
S11134,2030,Summer,BIO110,76.7
S11648,2033,Spring,CHEM120,92.2
S12150,2035,Summer,BIO110,83.9
S10125,2025,Spring,MATH101,89.5
S11280,2031,Fall,CHEM120,81.1
S12193,2035,Summer,MATH101,74.4
S10822,2029,Spring,ECON210,95.7
S10644,2028,Summer,CS150,74.0
S10692,2028,Spring,MATH101,67.4
S10173,2025,Fall,CHEM120,74.7
S12493,2037,Spring,ENG201,99.5
S11059,2030,Fall,CS150,75.7
S12681,2038,Summer,ECON210,86.9
S11580,2032,Spring,PSY101,82.9
S12154,2035,Fall,CHEM120,75.3
S10060,2025,Fall,PSY101,68.2
S12393,2036,Fall,PSY101,81.5
S11666,2033,Fall,BIO110,74.7
S10939,2029,Summer,MATH101,72.8
S12605,2038,Spring,CS150,87.9
S10846,2029,Fall,CHEM120,79.6
S11619,2033,Fall,BIO110,91.9
S13109,2040,Spring,ENG201,77.0
S12886,2039,Spring,MATH101,86.5
S13174,2040,Fall,HIST205,84.0
S13042,2040,Summer,HIST205,87.3
S13060,2040,Spring,HIST205,94.5
S12277,2036,Spring,MATH101,77.5
S11264,2031,Fall,ECON210,81.4
S10849,2029,Spring,CS150,73.1
S10762,2028,Spring,ECON210,96.5
S10544,2027,Summer,ENG201,54.9
S12259,2036,Fall,MATH101,88.3
S10350,2026,Spring,HIST205,75.8
S11034,2030,Summer,MATH101,74.8
S11893,2034,Spring,PSY101,83.1
S12207,2036,Fall,BIO110,89.5
S11542,2032,Spring,CHEM120,94.6
S11880,2034,Summer,CHEM120,91.7
S12986,2039,Summer,CS150,89.7
S12834,2039,Spring,PSY101,88.7
S10899,2029,Fall,PSY101,70.8
S12892,2039,Summer,ECON210,96.8
S12077,2035,Summer,MATH101,95.0
S10282,2026,Spring,PSY101,86.0
S13175,2040,Fall,MATH101,86.0
S13143,2040,Spring,PSY101,87.2
S11380,2031,Spring,HIST205,85.4
S10203,2026,Fall,ENG201,81.8
S12241,2036,Spring,HIST205,91.3
S11902,2034,Spring,MATH101,93.4
S12365,2036,Spring,BIO110,98.9
S12343,2036,Summer,CS150,82.5
S12855,2039,Summer,MATH101,86.6
S12988,2039,Fall,ECON210,81.6
S10420,2027,Fall,ECON210,91.2
S10241,2026,Summer,HIST205,72.4
S12441,2037,Spring,HIST205,99.1
S13165,2040,Fall,ECON210,78.0
S11038,2030,Fall,MATH101,80.5
S10085,2025,Spring,ECON210,68.0
S10208,2026,Spring,CHEM120,77.5
S12556,2037,Spring,ENG201,66.9
S10227,2026,Spring,CS150,64.7
S10936,2029,Summer,CHEM120,69.2
S10896,2029,Spring,ECON210,76.0
S12941,2039,Spring,BIO110,86.9
S10213,2026,Fall,PSY101,78.5
S11954,2034,Summer,CHEM120,79.2
S12619,2038,Fall,ECON210,100.0
S10547,2027,Fall,HIST205,73.0
S10095,2025,Spring,ENG201,60.3
S12342,2036,Fall,PSY101,90.6
S13061,2040,Spring,MATH101,89.3
S10528,2027,Spring,BIO110,76.7
S11268,2031,Spring,MATH101,74.1
S12561,2037,Fall,PSY101,88.7
S12530,2037,Summer,MATH101,91.8
S10464,2027,Spring,CHEM120,73.8
S11487,2032,Fall,PSY101,67.2
S10881,2029,Summer,PSY101,73.1
S12163,2035,Fall,PSY101,94.5
S12554,2037,Spring,CS150,81.1
S12655,2038,Spring,CS150,96.2
S11305,2031,Summer,BIO110,72.8
S12438,2037,Fall,MATH101,84.5
S10324,2026,Fall,CHEM120,65.3
S10731,2028,Fall,CS150,68.2
S11701,2033,Spring,CHEM120,86.6
S13135,2040,Spring,CHEM120,95.5
S10037,2025,Fall,BIO110,56.3
S10096,2025,Summer,MATH101,74.4
S11731,2033,Summer,CS150,79.9
S11252,2031,Fall,CS150,64.1
S11545,2032,Fall,CS150,85.1
S10621,2028,Spring,ENG201,79.8
S11011,2030,Spring,PSY101,80.2
S11219,2031,Spring,HIST205,97.2
S10206,2026,Spring,ECON210,77.5
S11007,2030,Spring,PSY101,83.7
S10320,2026,Spring,MATH101,74.1
S10408,2027,Summer,MATH101,75.6
S12701,2038,Summer,PSY101,98.1
S11937,2034,Summer,ENG201,87.7
S10988,2029,Summer,ECON210,75.6
S12528,2037,Summer,CHEM120,100.0
S12860,2039,Spring,PSY101,86.4
S10424,2027,Fall,CHEM120,79.8
S12624,2038,Spring,ENG201,92.6
S13195,2040,Summer,HIST205,77.0
S12818,2039,Summer,MATH101,93.8
S10853,2029,Spring,MATH101,86.8
S12559,2037,Summer,HIST205,95.4
S10600,2028,Summer,MATH101,82.1
S12105,2035,Fall,MATH101,98.5
S10959,2029,Spring,HIST205,80.9
S11518,2032,Summer,CS150,73.1
S10449,2027,Summer,CS150,66.2
S11039,2030,Fall,ECON210,87.0
S12764,2038,Spring,HIST205,91.4
S10897,2029,Summer,ECON210,78.5
S10704,2028,Summer,MATH101,63.5
S12117,2035,Fall,ECON210,77.4
S12255,2036,Summer,HIST205,89.6
S11714,2033,Summer,MATH101,78.4
S12841,2039,Summer,ECON210,78.5
S11388,2031,Summer,ENG201,80.3
S11473,2032,Fall,ENG201,81.5
S10918,2029,Spring,ENG201,73.8
S12865,2039,Fall,CS150,88.2
S11609,2033,Spring,CS150,80.6
S11508,2032,Summer,HIST205,82.0
S10969,2029,Fall,CHEM120,65.9
S10854,2029,Summer,ECON210,88.7
S11933,2034,Fall,PSY101,83.2
S11841,2034,Summer,MATH101,68.9
S11133,2030,Spring,BIO110,82.3
S11492,2032,Fall,BIO110,76.8
S12195,2035,Fall,HIST205,80.0
S12110,2035,Fall,CHEM120,81.0
S11947,2034,Fall,BIO110,83.8
S11081,2030,Spring,ENG201,75.9
S10124,2025,Fall,ENG201,76.7
S10474,2027,Spring,ECON210,87.8
S10999,2029,Spring,PSY101,81.9
S13009,2040,Spring,CHEM120,88.2
S11852,2034,Fall,MATH101,74.5
S10818,2029,Summer,ENG201,78.0
S10998,2029,Summer,MATH101,72.8
S11869,2034,Spring,BIO110,80.7
S12450,2037,Summer,PSY101,80.7
S12901,2039,Fall,ECON210,87.3
S12851,2039,Fall,CS150,97.3
S13082,2040,Spring,ECON210,76.3
S12403,2037,Fall,ENG201,85.8
S10884,2029,Spring,ECON210,82.8
S10210,2026,Summer,CS150,77.9
S12209,2036,Spring,CS150,86.7
S10683,2028,Spring,BIO110,79.9
S10104,2025,Summer,ECON210,70.7
S10802,2029,Spring,PSY101,78.1
S11166,2030,Summer,PSY101,89.7
S12143,2035,Fall,BIO110,87.3
S10412,2027,Spring,CHEM120,62.4
S12982,2039,Fall,MATH101,96.5
S11198,2030,Summer,MATH101,80.5
S10920,2029,Summer,PSY101,85.9
S11850,2034,Summer,HIST205,78.8
S12808,2039,Fall,MATH101,98.0
S13132,2040,Fall,MATH101,78.2
S10911,2029,Fall,ECON210,79.1
S12598,2037,Fall,BIO110,97.6
S12666,2038,Summer,ENG201,96.1
S11275,2031,Fall,HIST205,81.1
S10044,2025,Spring,CS150,60.2
S11872,2034,Summer,CS150,81.5
S10970,2029,Fall,PSY101,78.4
S12814,2039,Fall,CS150,100.0
S12919,2039,Summer,HIST205,100.0
S11734,2033,Summer,CHEM120,89.1
S12784,2038,Spring,MATH101,85.4
S11355,2031,Spring,HIST205,59.3
S11103,2030,Summer,HIST205,77.5
S11494,2032,Summer,HIST205,93.7
S10495,2027,Fall,PSY101,79.0
S10297,2026,Summer,PSY101,75.8
S12667,2038,Spring,BIO110,79.5
S10428,2027,Spring,HIST205,83.1
S10054,2025,Fall,PSY101,80.2
S10385,2026,Summer,MATH101,74.5
S10032,2025,Summer,CS150,71.9
S11827,2034,Spring,ENG201,95.3
S11598,2032,Fall,CHEM120,81.5
S11610,2033,Spring,HIST205,80.3
S10276,2026,Summer,ECON210,74.9
S10256,2026,Summer,PSY101,83.5
S10179,2025,Summer,MATH101,93.8
S11531,2032,Spring,HIST205,67.2
S12809,2039,Summer,BIO110,86.3
S11502,2032,Spring,PSY101,74.8
S11263,2031,Summer,MATH101,72.6
S11266,2031,Spring,MATH101,79.1
S13002,2040,Summer,ENG201,88.7
S10996,2029,Summer,ECON210,91.7
S12825,2039,Fall,ECON210,100.0
S10829,2029,Summer,ENG201,75.1
S11422,2032,Summer,BIO110,78.4
S12602,2038,Summer,HIST205,84.3
S10351,2026,Summer,CHEM120,85.1
S12395,2036,Summer,CS150,75.1
S10238,2026,Fall,BIO110,68.0
S11530,2032,Fall,HIST205,82.5
S11755,2033,Fall,CHEM120,93.7
S10036,2025,Fall,ENG201,73.7
S11094,2030,Summer,MATH101,84.5
S12089,2035,Fall,PSY101,97.0
S11427,2032,Summer,MATH101,72.5
S10531,2027,Summer,BIO110,61.4
S11237,2031,Summer,CHEM120,75.6
S10160,2025,Fall,HIST205,64.2
S10379,2026,Spring,CHEM120,66.9
S11405,2032,Summer,HIST205,75.3
S10383,2026,Summer,CHEM120,69.1
S11415,2032,Fall,ENG201,88.8
S10542,2027,Summer,HIST205,78.9
S12186,2035,Spring,CS150,73.9
S10921,2029,Fall,ENG201,69.1
S10931,2029,Fall,CS150,92.4
S12118,2035,Spring,ENG201,64.8
S11672,2033,Summer,CS150,79.5
S11729,2033,Summer,CS150,97.4
S12871,2039,Summer,BIO110,94.3
S10170,2025,Spring,ENG201,64.9
S12908,2039,Fall,ENG201,87.1
S12409,2037,Summer,HIST205,78.8
S10373,2026,Summer,ECON210,81.0
S11799,2033,Summer,PSY101,82.8
S11627,2033,Summer,BIO110,92.9
S10233,2026,Summer,PSY101,68.1
S10033,2025,Spring,CS150,63.5
S11936,2034,Fall,HIST205,86.0
S12612,2038,Summer,CHEM120,87.7
S13133,2040,Spring,CS150,100.0
S12723,2038,Fall,ENG201,100.0
S10727,2028,Spring,CHEM120,78.8
S12760,2038,Summer,CS150,94.4
S12447,2037,Fall,MATH101,86.1
S12623,2038,Spring,MATH101,100.0
S11437,2032,Fall,CS150,94.2
S11710,2033,Spring,ECON210,91.5
S10870,2029,Spring,HIST205,75.9
S13124,2040,Spring,CHEM120,90.9
S10220,2026,Summer,CS150,91.9
S11859,2034,Fall,PSY101,86.1
S12819,2039,Summer,ENG201,75.2
S10156,2025,Summer,CS150,86.9
S11128,2030,Spring,PSY101,78.2
S12092,2035,Fall,ECON210,90.3
S12515,2037,Spring,HIST205,90.6
S12940,2039,Summer,BIO110,98.6
S10875,2029,Fall,ECON210,91.7
S12114,2035,Summer,CS150,91.3
S10509,2027,Fall,PSY101,68.0
S11331,2031,Spring,PSY101,89.8
S11653,2033,Summer,MATH101,79.8
S11831,2034,Spring,HIST205,85.9
S10615,2028,Spring,CHEM120,77.0
S10978,2029,Spring,ECON210,64.7
S10162,2025,Spring,CHEM120,81.3
S10895,2029,Fall,PSY101,82.5
S12642,2038,Fall,CHEM120,82.6
S12479,2037,Spring,HIST205,93.5
S12606,2038,Spring,PSY101,84.5
S11074,2030,Fall,ENG201,86.6
S12024,2035,Spring,ENG201,61.2
S11289,2031,Summer,CS150,62.8
S11079,2030,Fall,HIST205,85.5
S12060,2035,Spring,BIO110,92.1
S10317,2026,Fall,ENG201,70.9
S11326,2031,Spring,ENG201,72.5
S11601,2033,Spring,ECON210,93.7
S10949,2029,Summer,ECON210,79.3
S13152,2040,Spring,PSY101,68.7
S11051,2030,Fall,MATH101,81.8
S10082,2025,Summer,CHEM120,83.8
S10190,2025,Spring,HIST205,68.4
S10872,2029,Spring,MATH101,66.3
S11291,2031,Fall,MATH101,99.9
S10889,2029,Fall,BIO110,86.2
S10381,2026,Summer,HIST205,68.5
S11257,2031,Spring,MATH101,83.4
S13065,2040,Summer,BIO110,94.6
S11707,2033,Fall,ECON210,97.9
S11733,2033,Spring,MATH101,80.2
S13154,2040,Fall,BIO110,83.7
S11618,2033,Spring,ECON210,79.3
S11451,2032,Summer,BIO110,95.0
S10549,2027,Spring,PSY101,69.8
S10975,2029,Fall,PSY101,62.2
S10794,2028,Summer,ENG201,67.4
S10912,2029,Summer,CS150,79.3
S12362,2036,Fall,BIO110,74.5
S11675,2033,Spring,CHEM120,80.1
S11049,2030,Summer,CHEM120,89.7
S11641,2033,Spring,ECON210,94.0
S10196,2025,Fall,BIO110,64.9
S13045,2040,Spring,MATH101,75.6
S10735,2028,Fall,CHEM120,79.8
S12056,2035,Summer,CS150,81.5
S12248,2036,Spring,PSY101,85.2
S12917,2039,Summer,HIST205,96.0
S12737,2038,Spring,PSY101,92.1
S11005,2030,Fall,ECON210,81.8
S12790,2038,Summer,ENG201,94.1
S13044,2040,Spring,BIO110,97.7
S13138,2040,Fall,PSY101,95.8
S12126,2035,Fall,PSY101,75.9
S13181,2040,Summer,HIST205,96.2
S12272,2036,Spring,PSY101,81.3
S10824,2029,Summer,MATH101,73.8
S11738,2033,Fall,CHEM120,90.3
S10333,2026,Spring,HIST205,67.9
S10426,2027,Summer,BIO110,66.9
S11635,2033,Spring,MATH101,79.4
S11754,2033,Spring,CHEM120,86.8
S11394,2031,Spring,MATH101,77.1
S13076,2040,Summer,PSY101,98.2
S10364,2026,Fall,ECON210,78.9
S10522,2027,Summer,MATH101,69.4
S12386,2036,Fall,ENG201,84.8
S10189,2025,Summer,BIO110,59.9
S10781,2028,Fall,PSY101,65.3
S12408,2037,Spring,BIO110,94.5
S11120,2030,Summer,PSY101,87.5
S10144,2025,Fall,ENG201,74.1
S11849,2034,Fall,CHEM120,87.4
S10661,2028,Fall,CS150,71.6
S12073,2035,Spring,ENG201,86.9
S11318,2031,Fall,PSY101,75.1
S12648,2038,Summer,PSY101,89.5
S10432,2027,Fall,PSY101,72.5
S10264,2026,Fall,ECON210,71.3
S12079,2035,Summer,ECON210,81.7
S12486,2037,Spring,CHEM120,84.9
S10927,2029,Spring,ENG201,80.4
S11274,2031,Spring,CHEM120,89.7
S12511,2037,Spring,CHEM120,92.4
S10089,2025,Summer,PSY101,76.1
S11806,2034,Spring,ENG201,86.1
S10011,2025,Spring,ECON210,68.3
S11347,2031,Spring,PSY101,87.5
S12644,2038,Spring,MATH101,80.6
S12135,2035,Summer,ECON210,80.7
S11674,2033,Summer,CHEM120,95.6
S11605,2033,Fall,BIO110,75.0
S10982,2029,Summer,CS150,69.6
S13000,2040,Spring,CHEM120,76.7
S12754,2038,Summer,MATH101,88.7
S12194,2035,Summer,HIST205,86.9
S11864,2034,Fall,PSY101,94.4
S12328,2036,Summer,CS150,92.2
S11951,2034,Summer,PSY101,94.1
S12793,2038,Summer,ENG201,81.9
S11209,2031,Spring,CHEM120,94.0
S10765,2028,Fall,BIO110,70.4
S10807,2029,Summer,ECON210,73.5
S11742,2033,Spring,PSY101,83.2
S12305,2036,Summer,ENG201,100.0
S11395,2031,Spring,HIST205,81.5
S10582,2027,Spring,CHEM120,79.7
S10053,2025,Fall,PSY101,76.9
S10673,2028,Summer,CS150,73.0
S12518,2037,Summer,BIO110,86.2
S11585,2032,Spring,HIST205,86.9
S11020,2030,Summer,CS150,82.8
S11774,2033,Spring,BIO110,76.7
S11970,2034,Summer,ENG201,88.7
S12795,2038,Fall,BIO110,82.5
S11455,2032,Fall,BIO110,67.2
S12654,2038,Fall,HIST205,84.1
S11077,2030,Fall,ECON210,75.2
S10008,2025,Spring,MATH101,68.2
S11195,2030,Spring,HIST205,82.2
S11559,2032,Fall,BIO110,79.2
S11199,2030,Fall,BIO110,89.6
S11962,2034,Fall,BIO110,88.2
S11153,2030,Fall,HIST205,68.1
S12640,2038,Summer,PSY101,100.0
S11041,2030,Fall,MATH101,75.0
S10344,2026,Summer,BIO110,69.6
S11582,2032,Summer,BIO110,73.2
S10581,2027,Fall,CS150,71.3
S10417,2027,Summer,MATH101,75.6
S10191,2025,Summer,MATH101,78.9
S10715,2028,Fall,MATH101,84.8
S10253,2026,Spring,MATH101,81.6
S13050,2040,Summer,ECON210,81.0
S10230,2026,Fall,HIST205,67.5
S11519,2032,Summer,CS150,96.2
S10937,2029,Spring,CHEM120,83.0
S10993,2029,Spring,BIO110,71.9
S11148,2030,Spring,ECON210,91.4
S11452,2032,Fall,PSY101,83.3
S13034,2040,Summer,HIST205,92.5
S10904,2029,Fall,ECON210,78.9
S10083,2025,Spring,CHEM120,67.9
S11013,2030,Summer,HIST205,73.2
S10237,2026,Fall,PSY101,74.8
S11873,2034,Summer,HIST205,90.2
S10956,2029,Spring,CS150,80.1
S11445,2032,Fall,BIO110,76.1
S10334,2026,Fall,ENG201,81.1
S12280,2036,Summer,ENG201,72.9
S12762,2038,Summer,CS150,96.5
S10073,2025,Fall,BIO110,84.5
S10375,2026,Summer,CHEM120,67.2
S10470,2027,Fall,BIO110,72.5
S11756,2033,Spring,ECON210,81.6
S10304,2026,Summer,MATH101,73.2
S10386,2026,Fall,BIO110,76.1
S10108,2025,Summer,CHEM120,74.1
S10901,2029,Spring,PSY101,74.2
S11303,2031,Fall,PSY101,74.0
S11839,2034,Summer,ECON210,82.3
S12444,2037,Fall,BIO110,84.0
S10309,2026,Summer,CHEM120,71.7
S12714,2038,Spring,ENG201,92.3
S12844,2039,Fall,ECON210,92.4
S10337,2026,Fall,CS150,70.8
S12010,2035,Summer,ECON210,72.5
S12601,2038,Fall,ECON210,94.3
S11058,2030,Summer,CS150,83.0
S13110,2040,Fall,ECON210,82.7
S12525,2037,Fall,CHEM120,91.9
S10539,2027,Summer,HIST205,70.1
S12485,2037,Fall,HIST205,94.9
S10880,2029,Summer,ENG201,97.5
S10738,2028,Spring,ENG201,89.3
S10575,2027,Spring,PSY101,57.0
S11940,2034,Fall,CS150,86.5
S12888,2039,Fall,ECON210,87.6
S12542,2037,Summer,CS150,86.3
S11807,2034,Summer,BIO110,88.1
S12344,2036,Summer,ECON210,69.4
S11522,2032,Summer,MATH101,79.5
S12763,2038,Fall,CHEM120,84.3
S12671,2038,Spring,CS150,94.0
S11086,2030,Spring,ENG201,86.9
S11454,2032,Summer,BIO110,85.9
S11724,2033,Spring,ENG201,75.2
S10183,2025,Fall,PSY101,75.9
S12308,2036,Fall,PSY101,90.9
S10958,2029,Summer,HIST205,81.9
S10694,2028,Summer,ECON210,80.7
S11009,2030,Fall,CS150,74.4
S13090,2040,Summer,ECON210,77.5
S12057,2035,Fall,CS150,92.3
S11651,2033,Spring,CS150,85.3
S10367,2026,Spring,HIST205,73.4
S12414,2037,Spring,PSY101,96.1
S10084,2025,Fall,ENG201,65.5
S11145,2030,Fall,ECON210,78.8
S12398,2036,Summer,ECON210,88.3
S10759,2028,Summer,CHEM120,81.6
S12864,2039,Summer,HIST205,93.9
S10808,2029,Spring,CS150,87.4
S10619,2028,Summer,BIO110,77.8
S10780,2028,Summer,HIST205,77.4
S11269,2031,Fall,HIST205,89.9
S11966,2034,Spring,HIST205,82.4
S12831,2039,Spring,HIST205,83.3
S12372,2036,Summer,BIO110,87.9
S10093,2025,Summer,ECON210,69.4
S12935,2039,Fall,CS150,100.0
S12487,2037,Summer,CHEM120,87.6
S11225,2031,Spring,CHEM120,79.0
S12399,2036,Spring,ENG201,87.2
S12348,2036,Spring,ENG201,92.2
S10725,2028,Fall,CS150,74.5
S11712,2033,Fall,PSY101,65.3
S10480,2027,Summer,BIO110,73.6
S12292,2036,Summer,PSY101,87.3
S11894,2034,Fall,ECON210,83.3
S10120,2025,Spring,PSY101,78.3
S12152,2035,Fall,HIST205,85.5
S10195,2025,Summer,PSY101,75.1
S10149,2025,Fall,ENG201,74.4
S10524,2027,Summer,PSY101,68.6
S11223,2031,Summer,CHEM120,83.3
S12574,2037,Fall,ENG201,100.0
S11797,2033,Spring,PSY101,76.3
S11450,2032,Fall,PSY101,83.8
S10785,2028,Spring,ENG201,84.6
S11460,2032,Summer,MATH101,80.2
S10434,2027,Summer,ENG201,86.7
S11889,2034,Summer,HIST205,83.9
S12756,2038,Spring,CS150,90.9
S11419,2032,Fall,BIO110,85.4
S13077,2040,Spring,ECON210,96.4
S10272,2026,Summer,HIST205,82.6
S10960,2029,Spring,HIST205,82.5
S10021,2025,Spring,ECON210,70.2
S12924,2039,Spring,BIO110,91.4
S10938,2029,Spring,CHEM120,79.3
S11879,2034,Spring,PSY101,77.6
S12279,2036,Fall,ENG201,90.4
S11193,2030,Spring,CS150,81.2
S13033,2040,Spring,CS150,84.1
S12704,2038,Fall,ENG201,91.3
S12596,2037,Spring,HIST205,83.1
S11680,2033,Summer,ENG201,85.9
S12817,2039,Spring,BIO110,93.6
S11625,2033,Spring,MATH101,91.3
S13148,2040,Spring,MATH101,91.1
S12995,2039,Fall,CHEM120,91.3
S13018,2040,Fall,MATH101,88.4
S11789,2033,Fall,CS150,93.4
S12088,2035,Summer,CS150,81.7
S10856,2029,Summer,HIST205,70.7
S12324,2036,Fall,ECON210,86.6
S11386,2031,Fall,PSY101,90.4
S12368,2036,Fall,MATH101,77.7
S12909,2039,Summer,ECON210,100.0
S12294,2036,Summer,CHEM120,80.0
S11814,2034,Fall,PSY101,81.9
S13020,2040,Fall,CS150,100.0
S12415,2037,Fall,ECON210,90.2
S12358,2036,Fall,BIO110,72.5
S12957,2039,Fall,MATH101,88.8
S12084,2035,Spring,CHEM120,80.9
S11911,2034,Spring,ECON210,100.0
S13030,2040,Fall,MATH101,72.1
S10545,2027,Spring,PSY101,68.3
S10390,2026,Fall,ECON210,66.1
S12375,2036,Fall,BIO110,98.3
S12715,2038,Spring,CHEM120,72.5
S11757,2033,Spring,CS150,90.3
S12254,2036,Summer,ENG201,76.6
S11012,2030,Spring,CHEM120,95.3
S11379,2031,Spring,HIST205,94.6
S10929,2029,Fall,ECON210,76.8
S11809,2034,Fall,ENG201,91.2
S12614,2038,Summer,HIST205,94.1
S11076,2030,Fall,HIST205,66.2
S12950,2039,Summer,ECON210,100.0
S10028,2025,Spring,CHEM120,67.2
S10240,2026,Summer,MATH101,67.0
S12466,2037,Fall,HIST205,81.9
S12721,2038,Fall,HIST205,85.3
S11787,2033,Summer,BIO110,76.6
S12866,2039,Summer,BIO110,84.0
S10305,2026,Spring,PSY101,74.3
S13073,2040,Fall,MATH101,100.0
S12369,2036,Fall,HIST205,96.6
S10878,2029,Summer,CS150,77.2
S11265,2031,Fall,ECON210,68.7
S13037,2040,Summer,MATH101,93.4
S12456,2037,Summer,HIST205,83.4
S13189,2040,Fall,MATH101,100.0
S11436,2032,Fall,ECON210,79.3
S10536,2027,Summer,HIST205,67.8
S11644,2033,Fall,HIST205,74.2
S11915,2034,Summer,MATH101,79.7
S10182,2025,Spring,ECON210,63.4
S12054,2035,Spring,ENG201,74.6
S11920,2034,Summer,PSY101,68.2
S11253,2031,Spring,BIO110,83.0
S11325,2031,Summer,CS150,64.2
S12693,2038,Fall,BIO110,88.3
S10047,2025,Fall,CS150,80.5
S12247,2036,Summer,CS150,76.0
S10459,2027,Fall,ECON210,65.1
S12033,2035,Fall,BIO110,89.4
S10772,2028,Fall,MATH101,81.1
S10805,2029,Fall,ECON210,74.9
S10372,2026,Summer,CS150,84.9
S10752,2028,Summer,ECON210,68.2
S12993,2039,Spring,MATH101,89.0
S12380,2036,Summer,BIO110,79.0
S10406,2027,Summer,ECON210,66.1
S10577,2027,Fall,ENG201,80.8
S11637,2033,Fall,MATH101,86.1
S12410,2037,Summer,PSY101,94.6
S12631,2038,Summer,PSY101,93.0
S12113,2035,Spring,CHEM120,77.3
S10355,2026,Spring,ECON210,65.3
S12267,2036,Spring,MATH101,89.2
S12357,2036,Summer,CHEM120,87.8
S12177,2035,Spring,CHEM120,86.8
S12658,2038,Fall,PSY101,90.7
S10924,2029,Spring,HIST205,86.9
S12786,2038,Summer,ENG201,83.2
S13147,2040,Spring,MATH101,86.3
S11905,2034,Summer,CS150,87.6
S12536,2037,Summer,ENG201,95.8
S11216,2031,Summer,ENG201,74.6
S10266,2026,Spring,ECON210,86.4
S11562,2032,Spring,BIO110,61.9
S11329,2031,Summer,ENG201,84.8
S11572,2032,Fall,PSY101,83.7
S11461,2032,Summer,BIO110,71.5
S12552,2037,Fall,HIST205,100.0
S10511,2027,Summer,PSY101,74.3
S10323,2026,Summer,ENG201,90.1
S12974,2039,Spring,PSY101,98.0
S12891,2039,Spring,PSY101,73.6
S11179,2030,Summer,CS150,69.8
S11845,2034,Fall,CHEM120,75.8
S12125,2035,Summer,BIO110,89.7
S11286,2031,Spring,MATH101,65.3
S12599,2037,Summer,HIST205,84.1
S12158,2035,Fall,BIO110,95.6
S10006,2025,Spring,MATH101,84.6
S13102,2040,Spring,CHEM120,100.0
S12473,2037,Summer,ENG201,77.0
S11620,2033,Summer,BIO110,83.6
S10908,2029,Summer,PSY101,82.5
S11290,2031,Fall,ENG201,83.1
S13085,2040,Summer,CHEM120,94.5
S12811,2039,Fall,BIO110,85.6
S11313,2031,Fall,HIST205,84.5
S10106,2025,Fall,ECON210,87.1
S11560,2032,Summer,ECON210,81.2
S12651,2038,Fall,MATH101,100.0
S11423,2032,Spring,PSY101,74.6
S11953,2034,Fall,CHEM120,78.8
S10669,2028,Summer,ENG201,84.7
S11510,2032,Summer,ECON210,72.2
S13159,2040,Summer,MATH101,94.5
S12663,2038,Spring,MATH101,81.7
S11493,2032,Summer,HIST205,82.8
S12319,2036,Fall,CHEM120,77.9
S10861,2029,Fall,CS150,65.2
S12769,2038,Fall,CS150,87.8
S13191,2040,Spring,BIO110,97.7
S12251,2036,Fall,ENG201,98.8
S12899,2039,Spring,ENG201,93.0
S11430,2032,Fall,ENG201,83.8
S11727,2033,Spring,CHEM120,89.1
S11688,2033,Spring,CS150,84.9
S10205,2026,Summer,CHEM120,65.8
S11679,2033,Summer,CS150,79.2
S10865,2029,Fall,ECON210,74.2
S12307,2036,Spring,MATH101,85.2
S12513,2037,Summer,CS150,86.0
S10845,2029,Summer,MATH101,81.3
S11803,2034,Spring,MATH101,71.9
S10964,2029,Fall,BIO110,76.6
S11006,2030,Summer,MATH101,85.8
S11596,2032,Summer,ENG201,86.3
S11685,2033,Spring,BIO110,92.2
S12461,2037,Summer,ENG201,93.9
S10561,2027,Spring,CS150,91.3
S10069,2025,Spring,HIST205,66.8
S11616,2033,Summer,ECON210,85.1
S10832,2029,Spring,HIST205,69.3
S12774,2038,Spring,MATH101,85.4
S11570,2032,Fall,HIST205,87.7
S13169,2040,Spring,HIST205,88.7
S10649,2028,Summer,ECON210,81.6
S13140,2040,Summer,CHEM120,98.8
S13153,2040,Summer,PSY101,89.0
S11891,2034,Fall,ENG201,84.1
S12173,2035,Spring,MATH101,86.5
S13010,2040,Summer,CS150,91.3
S10482,2027,Fall,BIO110,61.8
S11549,2032,Spring,PSY101,91.1
S13100,2040,Summer,ECON210,86.3
S11835,2034,Spring,CS150,86.9
S12558,2037,Spring,CS150,90.6
S10523,2027,Summer,CS150,79.2
S12258,2036,Summer,PSY101,65.8
S10016,2025,Spring,CHEM120,63.9
S12729,2038,Fall,CHEM120,85.5
S10906,2029,Spring,CHEM120,66.5
S12922,2039,Summer,ECON210,89.1
S12593,2037,Spring,ECON210,88.5
S10249,2026,Summer,CS150,76.6
S11910,2034,Summer,ECON210,97.9
S11663,2033,Fall,CS150,77.8
S11770,2033,Spring,PSY101,83.0
S11434,2032,Spring,ECON210,80.0
S11308,2031,Spring,ENG201,88.7
S12301,2036,Fall,ENG201,78.7
S10787,2028,Fall,CS150,79.7
S11131,2030,Fall,HIST205,82.0
S12951,2039,Fall,MATH101,96.9
S10490,2027,Fall,ECON210,74.6
S11837,2034,Spring,ECON210,84.9
S12436,2037,Fall,PSY101,86.9
S12025,2035,Summer,ECON210,86.8
S10111,2025,Summer,PSY101,71.8
S11636,2033,Spring,CHEM120,75.0
S12709,2038,Spring,MATH101,100.0
S12426,2037,Fall,PSY101,92.6
S11723,2033,Fall,ECON210,87.6
S12665,2038,Fall,BIO110,78.4
S12124,2035,Spring,BIO110,85.5
S12321,2036,Fall,BIO110,92.9
S13105,2040,Spring,CS150,94.9
S13186,2040,Fall,BIO110,82.4
S11682,2033,Spring,ECON210,75.4
S10753,2028,Summer,MATH101,84.4
S11465,2032,Summer,ECON210,86.0
S11975,2034,Fall,PSY101,80.9
S10743,2028,Spring,ECON210,76.2
S10296,2026,Summer,CHEM120,80.5
S11606,2033,Fall,MATH101,83.6
S11860,2034,Spring,BIO110,82.9
S10504,2027,Spring,ECON210,69.5
S11398,2031,Summer,ECON210,89.6
S10972,2029,Summer,HIST205,84.1
S12921,2039,Fall,BIO110,96.6
S11117,2030,Spring,BIO110,78.2
S12035,2035,Fall,ENG201,100.0
S12592,2037,Fall,CHEM120,87.7
S11432,2032,Fall,BIO110,88.2
S10767,2028,Fall,ECON210,90.2
S11092,2030,Summer,CHEM120,84.5
S11004,2030,Summer,ECON210,84.3
S10114,2025,Fall,ENG201,70.5
S11207,2031,Summer,PSY101,74.7
S11767,2033,Fall,ENG201,81.3
S10520,2027,Fall,HIST205,61.3
S12557,2037,Spring,CS150,88.0
S12711,2038,Fall,ECON210,100.0
S13196,2040,Spring,ENG201,97.7
S11999,2034,Spring,MATH101,78.0
S12416,2037,Spring,CS150,92.4
S10218,2026,Spring,ENG201,69.5
S12911,2039,Fall,PSY101,93.5
S10446,2027,Fall,ECON210,77.6
S10866,2029,Fall,ECON210,79.6
S11828,2034,Spring,CHEM120,83.2
S12520,2037,Spring,PSY101,89.4
S11532,2032,Spring,CS150,83.9
S11650,2033,Summer,MATH101,87.3
S13113,2040,Summer,BIO110,82.3
S11509,2032,Fall,CS150,93.2
S11196,2030,Spring,CHEM120,78.5
S12833,2039,Fall,MATH101,88.5
S12563,2037,Summer,ECON210,90.0
S11960,2034,Summer,BIO110,83.6
S11652,2033,Fall,MATH101,84.2
S11583,2032,Summer,ENG201,81.8
S10250,2026,Spring,CHEM120,63.2
S11228,2031,Spring,CHEM120,87.7
S13119,2040,Spring,CHEM120,100.0
S11834,2034,Spring,PSY101,79.1
S11811,2034,Summer,ECON210,85.2
S11016,2030,Fall,HIST205,73.5
S10515,2027,Spring,HIST205,80.7
S13086,2040,Spring,BIO110,91.5
S11587,2032,Spring,PSY101,78.4
S11188,2030,Spring,MATH101,83.1
S13122,2040,Summer,HIST205,95.9
S11360,2031,Fall,BIO110,79.9
S11068,2030,Summer,HIST205,74.9
S10247,2026,Fall,BIO110,68.1
S11024,2030,Spring,MATH101,92.5
S11504,2032,Fall,HIST205,80.0
S11169,2030,Fall,CS150,85.5
S13055,2040,Summer,CHEM120,85.1
S12048,2035,Spring,ENG201,82.7
S12989,2039,Summer,BIO110,100.0
S11725,2033,Summer,PSY101,91.4
S11483,2032,Summer,ENG201,78.1
S11719,2033,Summer,BIO110,79.2
S10812,2029,Spring,CHEM120,88.9
S12086,2035,Fall,ENG201,81.3
S11813,2034,Summer,BIO110,91.2
S11346,2031,Spring,ENG201,59.6
S11952,2034,Summer,MATH101,76.8
S12012,2035,Spring,PSY101,79.2
S11847,2034,Summer,PSY101,77.1
S10833,2029,Summer,BIO110,71.2
S10130,2025,Spring,BIO110,59.6
S11775,2033,Summer,HIST205,72.1
S12683,2038,Fall,ECON210,95.2
S11232,2031,Summer,CS150,79.3
S12708,2038,Summer,CHEM120,86.5
S10171,2025,Fall,BIO110,65.5
S12488,2037,Spring,CHEM120,88.2
S11760,2033,Fall,BIO110,95.8
S10113,2025,Fall,MATH101,91.7
S10040,2025,Summer,HIST205,77.9
S12999,2039,Fall,CHEM120,89.4
S10995,2029,Spring,BIO110,75.1
S12196,2035,Spring,BIO110,88.7
S10086,2025,Spring,BIO110,79.3
S12879,2039,Summer,HIST205,89.2
S11319,2031,Spring,HIST205,78.5
S12815,2039,Spring,ENG201,97.2
S11127,2030,Summer,HIST205,72.6
S11348,2031,Summer,PSY101,69.1
S10568,2027,Spring,HIST205,59.7
S13080,2040,Spring,ENG201,100.0
S12322,2036,Summer,BIO110,90.3
S10529,2027,Spring,PSY101,67.4
S12692,2038,Fall,PSY101,89.0
S12131,2035,Summer,CHEM120,85.5
S12731,2038,Fall,PSY101,100.0
S10326,2026,Summer,BIO110,82.6
S12090,2035,Spring,MATH101,87.9
S10075,2025,Fall,HIST205,78.6
S11854,2034,Spring,ECON210,92.0
S13053,2040,Spring,HIST205,85.7
S10864,2029,Fall,BIO110,72.4
S10893,2029,Fall,HIST205,86.7
S11146,2030,Spring,CHEM120,69.9
S12902,2039,Fall,CS150,86.1
S10950,2029,Fall,CS150,75.4
S10635,2028,Fall,HIST205,62.8
S11694,2033,Summer,BIO110,83.7
S11632,2033,Fall,CS150,77.5
S12446,2037,Summer,CHEM120,90.4
S10056,2025,Spring,ECON210,65.3
S10393,2026,Summer,ECON210,88.0
S10307,2026,Spring,MATH101,68.6
S13084,2040,Summer,ECON210,90.5
S12168,2035,Spring,MATH101,83.5
S12963,2039,Spring,BIO110,82.2
S10483,2027,Spring,HIST205,76.3
S11231,2031,Summer,PSY101,69.0
S11406,2032,Summer,ECON210,70.0
S12074,2035,Summer,ECON210,80.4
S12637,2038,Summer,PSY101,96.9
S11323,2031,Fall,BIO110,83.9
S12167,2035,Spring,PSY101,75.3
S12538,2037,Spring,CHEM120,78.0
S12042,2035,Spring,ECON210,81.1
S12830,2039,Spring,HIST205,77.0
S12896,2039,Spring,HIST205,74.0
S12164,2035,Fall,HIST205,98.0
S12492,2037,Spring,ENG201,84.1
S13005,2040,Spring,ENG201,81.3
S11866,2034,Summer,ECON210,92.3
S12859,2039,Fall,BIO110,92.2
S11761,2033,Summer,MATH101,88.6
S10652,2028,Summer,PSY101,73.8
S12495,2037,Fall,MATH101,94.5
S10891,2029,Summer,ENG201,81.4
S12011,2035,Summer,CHEM120,79.2
S12286,2036,Fall,ENG201,92.9
S12127,2035,Spring,HIST205,94.2
S11403,2032,Spring,ENG201,87.1
S12468,2037,Summer,ECON210,93.5
S10308,2026,Summer,PSY101,77.7
S10492,2027,Fall,PSY101,75.3
S10302,2026,Summer,BIO110,79.3
S10947,2029,Spring,CS150,71.8
S12509,2037,Fall,ECON210,77.4
S10410,2027,Spring,CHEM120,80.4
S11069,2030,Summer,ENG201,81.4
S10122,2025,Summer,CHEM120,83.2
S13107,2040,Summer,CS150,96.6
S11488,2032,Spring,BIO110,69.1
S11159,2030,Summer,ENG201,76.1
S11914,2034,Summer,ENG201,69.6
S12226,2036,Summer,CHEM120,98.0
S13058,2040,Summer,ENG201,82.4
S11575,2032,Summer,ENG201,81.0
S11746,2033,Fall,CS150,90.5
S12894,2039,Spring,CHEM120,94.7
S12147,2035,Summer,CHEM120,78.7
S13003,2040,Summer,HIST205,100.0
S11306,2031,Fall,ENG201,80.2
S11919,2034,Fall,CHEM120,80.2
S10548,2027,Fall,HIST205,77.6
S13182,2040,Spring,MATH101,83.2
S12253,2036,Fall,ENG201,86.6
S11520,2032,Fall,BIO110,91.1
S12355,2036,Fall,ENG201,88.8
S11353,2031,Fall,CHEM120,86.1
S10436,2027,Summer,CS150,87.7
S11022,2030,Fall,PSY101,78.5
S12566,2037,Spring,CHEM120,80.0
S10382,2026,Spring,CHEM120,56.3
S12260,2036,Summer,BIO110,90.2
S13043,2040,Summer,BIO110,93.8
S12314,2036,Spring,HIST205,92.0
S11285,2031,Fall,ECON210,69.4
S10038,2025,Fall,CHEM120,61.4
S13040,2040,Summer,BIO110,96.9
S10369,2026,Fall,CHEM120,67.1
S12861,2039,Fall,CHEM120,94.5
S12384,2036,Spring,ECON210,86.9
S12539,2037,Summer,ECON210,88.4
S12961,2039,Spring,MATH101,85.8
S11055,2030,Fall,ECON210,73.3
S11990,2034,Spring,PSY101,90.4
S10514,2027,Fall,ENG201,70.1
S11993,2034,Summer,PSY101,89.7
S12625,2038,Summer,HIST205,82.4
S12848,2039,Summer,ECON210,85.8
S10641,2028,Spring,ENG201,89.4
S12629,2038,Spring,MATH101,85.5
S11358,2031,Summer,ECON210,68.2
S12697,2038,Fall,PSY101,78.8
S10614,2028,Fall,CHEM120,95.6
S12876,2039,Spring,MATH101,83.2
S11033,2030,Fall,HIST205,83.8
S10618,2028,Spring,MATH101,79.8
S12064,2035,Fall,ENG201,87.5
S13104,2040,Summer,PSY101,86.2
S10157,2025,Spring,MATH101,75.8
S11629,2033,Fall,PSY101,89.5
S10711,2028,Spring,BIO110,75.2
S10429,2027,Fall,HIST205,60.6
S10874,2029,Fall,PSY101,77.1
S10973,2029,Fall,HIST205,72.1
S11087,2030,Summer,CS150,80.6
S12165,2035,Summer,MATH101,77.2
S13091,2040,Summer,MATH101,98.1
S12675,2038,Spring,CS150,73.6
S12718,2038,Fall,MATH101,84.6
S10689,2028,Summer,CS150,79.6
S11212,2031,Fall,PSY101,74.3
S10194,2025,Fall,ENG201,73.4
S11184,2030,Spring,CHEM120,70.7
S11728,2033,Fall,MATH101,85.6
S11469,2032,Spring,HIST205,84.9
S10188,2025,Summer,BIO110,65.2
S12462,2037,Fall,ENG201,91.9
S11521,2032,Fall,ECON210,86.0
S12145,2035,Fall,CS150,97.3
S12204,2036,Spring,CS150,79.0
S11647,2033,Fall,ECON210,90.6
S10823,2029,Summer,MATH101,74.4
S11174,2030,Spring,MATH101,72.6
S10608,2028,Summer,CHEM120,61.8
S13087,2040,Fall,HIST205,100.0
S12661,2038,Fall,ENG201,82.2
S12313,2036,Summer,PSY101,90.6
S10438,2027,Spring,ENG201,61.0
S11097,2030,Spring,PSY101,62.7
S11741,2033,Summer,MATH101,81.3
S11721,2033,Fall,HIST205,80.6
S12820,2039,Summer,ECON210,88.4
S11612,2033,Spring,CS150,89.7
S12842,2039,Fall,ENG201,100.0
S11735,2033,Spring,HIST205,69.7
S13184,2040,Fall,HIST205,85.8
S12021,2035,Fall,MATH101,87.6
S10413,2027,Spring,ENG201,84.9
S12302,2036,Spring,ENG201,83.6
S11985,2034,Summer,MATH101,88.1
S10744,2028,Summer,ECON210,80.1
S10613,2028,Spring,BIO110,67.0
S12270,2036,Summer,CHEM120,89.4
S10341,2026,Summer,CS150,75.3
S12052,2035,Summer,HIST205,80.1
S11366,2031,Fall,ECON210,79.8
S11566,2032,Spring,HIST205,81.9
S11661,2033,Spring,MATH101,81.7
S12916,2039,Summer,PSY101,89.3
S11017,2030,Fall,ENG201,74.8
S12858,2039,Summer,PSY101,100.0
S10421,2027,Spring,CHEM120,88.7
S12952,2039,Fall,ECON210,94.4
S12586,2037,Fall,ECON210,77.4
S12895,2039,Spring,PSY101,100.0
S12300,2036,Summer,ECON210,95.1
S12582,2037,Spring,MATH101,87.6
S10200,2026,Fall,CS150,76.2
S11172,2030,Fall,BIO110,79.5
S12816,2039,Spring,MATH101,94.5
S12448,2037,Spring,ENG201,81.7
S12510,2037,Summer,MATH101,91.9
S12180,2035,Fall,MATH101,83.8
S10648,2028,Fall,CHEM120,74.2
S12018,2035,Fall,MATH101,90.4
S10045,2025,Summer,HIST205,66.2
S11204,2031,Fall,CS150,80.4
S12059,2035,Spring,MATH101,86.9
S11425,2032,Fall,CHEM120,65.6
S10041,2025,Fall,CHEM120,73.4
S13066,2040,Fall,HIST205,100.0
S10862,2029,Spring,MATH101,89.7
S11846,2034,Fall,MATH101,94.1
S13052,2040,Fall,HIST205,89.7
S11163,2030,Summer,BIO110,65.5
S11730,2033,Summer,ECON210,80.9
S11887,2034,Spring,BIO110,87.4
S10153,2025,Spring,HIST205,73.9
S13115,2040,Spring,ENG201,94.0
S10080,2025,Summer,MATH101,70.2
S10695,2028,Fall,PSY101,73.5
S13111,2040,Spring,ECON210,89.7
S10468,2027,Spring,MATH101,70.4
S12964,2039,Spring,HIST205,100.0
S12573,2037,Spring,PSY101,87.6
S12948,2039,Fall,HIST205,89.2
S11278,2031,Summer,PSY101,81.5
S10961,2029,Spring,HIST205,88.0
S11014,2030,Spring,PSY101,92.6
S11000,2030,Fall,ECON210,89.9
S10231,2026,Fall,HIST205,75.1
S11438,2032,Fall,PSY101,85.3
S12306,2036,Fall,ENG201,91.5
S12339,2036,Summer,ENG201,81.4
S13171,2040,Fall,ENG201,96.9
S12691,2038,Summer,MATH101,87.4
S12893,2039,Spring,BIO110,92.4
S11558,2032,Fall,CHEM120,93.3
S11397,2031,Summer,CS150,72.2
S10110,2025,Fall,PSY101,56.6
S11428,2032,Fall,CHEM120,79.6
S13134,2040,Spring,HIST205,92.3
S10525,2027,Spring,CHEM120,60.2
S10184,2025,Fall,MATH101,70.2
S10115,2025,Spring,PSY101,74.4
S10251,2026,Fall,HIST205,80.7
S12595,2037,Summer,HIST205,70.0
S12422,2037,Fall,ENG201,86.2
S12639,2038,Spring,CHEM120,92.5
S11547,2032,Fall,BIO110,83.7
S12026,2035,Summer,ENG201,99.7
S11078,2030,Spring,CHEM120,90.7
S11603,2033,Summer,BIO110,76.3
S10228,2026,Fall,CS150,67.6
S12075,2035,Fall,ECON210,82.8
S10640,2028,Summer,ECON210,73.3
S12351,2036,Spring,BIO110,91.6
S11924,2034,Fall,BIO110,100.0
S12381,2036,Spring,MATH101,79.0
S10448,2027,Summer,PSY101,70.6
S11996,2034,Fall,CS150,83.8
S11593,2032,Summer,ENG201,88.6
S11279,2031,Summer,CHEM120,77.5
S10550,2027,Summer,MATH101,75.4
S11764,2033,Spring,CS150,80.7
S12633,2038,Summer,ECON210,91.8
S10672,2028,Spring,ENG201,73.3
S11241,2031,Fall,BIO110,78.4
S10724,2028,Fall,ECON210,77.4
S12459,2037,Fall,MATH101,91.8
S10147,2025,Fall,CHEM120,61.4
S12966,2039,Spring,ENG201,93.5
S12412,2037,Fall,HIST205,79.0
S11541,2032,Summer,ENG201,95.5
S11288,2031,Spring,ECON210,71.2
S11843,2034,Spring,CS150,84.7
S11571,2032,Spring,CHEM120,71.3
S12252,2036,Fall,MATH101,75.1
S11762,2033,Spring,BIO110,83.3
S10129,2025,Spring,PSY101,68.0
S10072,2025,Fall,HIST205,71.7
S12712,2038,Fall,HIST205,93.3
S11071,2030,Summer,CS150,82.5
S12067,2035,Summer,PSY101,84.3
S12434,2037,Summer,ENG201,89.8
S12039,2035,Summer,CHEM120,71.2
S11202,2031,Spring,CS150,81.0
S10827,2029,Spring,CS150,73.2
S12770,2038,Summer,BIO110,87.7
S12016,2035,Fall,BIO110,83.2
S10313,2026,Summer,ENG201,79.8
S10394,2026,Summer,CS150,82.8
S12976,2039,Summer,ECON210,100.0
S10625,2028,Fall,CS150,71.9
S11339,2031,Summer,ENG201,81.4
S13047,2040,Fall,ENG201,89.3
S10733,2028,Spring,ENG201,62.4
S12686,2038,Summer,ECON210,93.1
S12040,2035,Summer,PSY101,79.8
S12230,2036,Fall,ENG201,81.2
S12337,2036,Fall,BIO110,87.1
S10407,2027,Summer,PSY101,73.5
S10121,2025,Spring,HIST205,64.7
S10551,2027,Fall,MATH101,73.4
S10945,2029,Fall,PSY101,68.8
S12885,2039,Fall,CHEM120,86.7
S12004,2035,Fall,HIST205,70.2
S13014,2040,Summer,BIO110,87.3
S10500,2027,Summer,BIO110,82.1
S10442,2027,Spring,ECON210,58.1
S11862,2034,Summer,ENG201,90.3
S10603,2028,Summer,CHEM120,86.8
S11142,2030,Spring,CHEM120,77.5
S12094,2035,Spring,ECON210,93.6
S12741,2038,Summer,CS150,93.0
S11656,2033,Spring,CHEM120,84.0
S12579,2037,Spring,HIST205,100.0
S12333,2036,Summer,MATH101,83.8
S11639,2033,Summer,HIST205,74.1
S11118,2030,Summer,CS150,80.3
S11140,2030,Fall,CS150,76.3
S12044,2035,Summer,CHEM120,78.8
S11739,2033,Spring,ENG201,96.4
S10953,2029,Fall,MATH101,88.9
S12581,2037,Spring,BIO110,91.1
S11655,2033,Fall,HIST205,80.3
S10820,2029,Summer,BIO110,73.2
S12464,2037,Summer,ENG201,95.0
S10815,2029,Fall,ECON210,65.4
S11489,2032,Spring,CHEM120,91.4
S10265,2026,Spring,CHEM120,63.4
S10691,2028,Spring,BIO110,85.3
S10416,2027,Fall,ECON210,87.1
S12975,2039,Fall,ENG201,91.5
S11617,2033,Fall,CS150,76.7
S10587,2027,Fall,ECON210,67.9
S12360,2036,Spring,CHEM120,78.4
S10348,2026,Fall,HIST205,67.6
S12140,2035,Fall,ECON210,86.7
S11794,2033,Spring,MATH101,84.4
S11623,2033,Spring,MATH101,77.3
S10430,2027,Summer,ENG201,65.2
S12013,2035,Spring,CHEM120,77.8
S12312,2036,Fall,BIO110,88.5
S12364,2036,Fall,BIO110,81.6
S11505,2032,Fall,PSY101,77.7
S11948,2034,Fall,MATH101,93.0
S10285,2026,Spring,PSY101,57.7
S10773,2028,Fall,CS150,83.8
S11752,2033,Spring,ECON210,77.4
S11190,2030,Spring,CHEM120,79.5
S11668,2033,Spring,MATH101,89.4
S12987,2039,Spring,ECON210,91.4
S12547,2037,Fall,BIO110,83.5
S11277,2031,Summer,ENG201,83.1
S11871,2034,Spring,ENG201,82.3
S11161,2030,Spring,ECON210,97.0
S12934,2039,Fall,ECON210,97.7
S10473,2027,Spring,CHEM120,85.6
S12022,2035,Fall,ENG201,96.2
S11343,2031,Spring,BIO110,89.5
S10336,2026,Summer,PSY101,66.7
S12955,2039,Summer,PSY101,100.0
S12519,2037,Summer,PSY101,81.2
S12335,2036,Spring,HIST205,91.3
S12030,2035,Summer,PSY101,91.8
S10556,2027,Fall,HIST205,70.8
S12540,2037,Fall,ENG201,82.3
S12753,2038,Fall,BIO110,88.1
S11908,2034,Fall,MATH101,74.4
S10506,2027,Summer,BIO110,69.9
S11287,2031,Fall,BIO110,84.1
S10462,2027,Fall,ECON210,69.1
S11669,2033,Summer,BIO110,87.0
S12751,2038,Spring,MATH101,100.0
S12106,2035,Spring,PSY101,78.1
S10877,2029,Fall,CHEM120,79.1
S11737,2033,Fall,CS150,74.1
S11554,2032,Spring,BIO110,79.5
S11453,2032,Summer,BIO110,100.0
S13193,2040,Summer,HIST205,87.1
S10439,2027,Spring,MATH101,74.2
S11800,2034,Spring,ECON210,99.2
S10758,2028,Summer,MATH101,69.1
S11501,2032,Fall,CS150,76.9
S12401,2037,Summer,CHEM120,89.4
S12676,2038,Fall,CS150,92.1
S10876,2029,Summer,MATH101,73.2
S10404,2027,Fall,CHEM120,71.1
S12475,2037,Fall,CHEM120,93.8
S12200,2036,Spring,BIO110,100.0
S12524,2037,Spring,BIO110,95.4
S11154,2030,Fall,MATH101,91.8
S10784,2028,Fall,CS150,80.5
S13157,2040,Summer,CS150,92.9
S12166,2035,Fall,ENG201,78.8
S10057,2025,Spring,MATH101,69.5
S10405,2027,Fall,PSY101,79.6
S10279,2026,Summer,CS150,70.3
S12068,2035,Summer,HIST205,96.7
S13117,2040,Summer,ECON210,86.0
S12050,2035,Fall,ENG201,91.9
S10657,2028,Fall,ECON210,75.8
S11442,2032,Summer,BIO110,82.8
S12812,2039,Summer,MATH101,100.0
S11136,2030,Summer,ECON210,88.2
S10596,2027,Summer,PSY101,72.5
S12656,2038,Spring,CHEM120,80.6
S12767,2038,Fall,CHEM120,93.0
S12889,2039,Spring,ECON210,93.7
S13118,2040,Fall,MATH101,100.0
S12747,2038,Fall,CHEM120,80.1
S10841,2029,Spring,MATH101,82.7
S10507,2027,Spring,ECON210,67.8
S10395,2026,Spring,MATH101,69.6
S10042,2025,Fall,CS150,71.1
S12484,2037,Summer,CHEM120,83.6
S10271,2026,Spring,ECON210,61.8
S12773,2038,Spring,PSY101,76.9
S11036,2030,Fall,ENG201,68.9
S10487,2027,Fall,HIST205,66.0
S11921,2034,Fall,MATH101,90.0
S10242,2026,Spring,PSY101,77.4
S12103,2035,Summer,CS150,94.3
S10134,2025,Summer,ECON210,64.6
S10441,2027,Fall,MATH101,74.4
S10804,2029,Summer,HIST205,73.9
S10174,2025,Fall,CS150,74.2
S13028,2040,Spring,ENG201,87.9
S12883,2039,Fall,HIST205,94.3
S10077,2025,Spring,CS150,69.6
S10318,2026,Fall,MATH101,75.9
S10457,2027,Summer,ENG201,66.4
S11740,2033,Spring,CHEM120,81.8
S10321,2026,Fall,BIO110,78.1
S10533,2027,Fall,HIST205,65.0
S12597,2037,Spring,MATH101,89.7
S10513,2027,Fall,MATH101,67.4
S11259,2031,Spring,CHEM120,79.6
S12522,2037,Summer,PSY101,90.9
S10583,2027,Summer,MATH101,92.8
S10527,2027,Fall,BIO110,75.1
S12685,2038,Fall,CS150,91.9
S10485,2027,Fall,HIST205,63.3
S10117,2025,Spring,CHEM120,62.7
S11247,2031,Fall,CHEM120,73.8
S12897,2039,Summer,CHEM120,100.0
S11401,2032,Summer,ENG201,85.6
S12826,2039,Fall,BIO110,100.0
S12465,2037,Fall,HIST205,95.1
S10569,2027,Summer,HIST205,71.9
S11485,2032,Spring,CHEM120,88.8
S11276,2031,Summer,HIST205,98.6
S11426,2032,Summer,PSY101,97.8
S11964,2034,Fall,ENG201,88.4
S12347,2036,Summer,BIO110,79.8
S10537,2027,Fall,BIO110,71.6
S10477,2027,Fall,HIST205,77.2
S10312,2026,Summer,PSY101,79.9
S11886,2034,Fall,ENG201,77.5
S11709,2033,Summer,ENG201,74.9
S10466,2027,Summer,ECON210,79.6
S12257,2036,Summer,ECON210,83.3
S12179,2035,Spring,HIST205,85.4
S12153,2035,Fall,CS150,87.2
S12608,2038,Summer,CHEM120,96.5
S12572,2037,Summer,MATH101,85.6
S10905,2029,Spring,BIO110,77.7
S12061,2035,Fall,BIO110,84.2
S10633,2028,Summer,CHEM120,72.6
S12662,2038,Summer,CHEM120,94.1
S10419,2027,Fall,HIST205,75.2
S12345,2036,Fall,MATH101,95.4
S11393,2031,Summer,PSY101,81.1
S12824,2039,Spring,HIST205,90.2
S12766,2038,Fall,PSY101,89.1
S12424,2037,Summer,BIO110,75.8
S11152,2030,Fall,ECON210,73.6
S12122,2035,Fall,CS150,85.2
S12387,2036,Spring,ECON210,79.3
S10052,2025,Fall,HIST205,66.6
S12404,2037,Fall,MATH101,100.0
S11440,2032,Fall,ENG201,86.6
S12188,2035,Fall,CHEM120,81.9
S10392,2026,Fall,HIST205,62.8
S11484,2032,Summer,ENG201,83.1
S11111,2030,Spring,CS150,80.4
S12813,2039,Spring,CHEM120,88.1
S11295,2031,Spring,HIST205,79.2
S11321,2031,Spring,HIST205,84.2
S12227,2036,Summer,ENG201,81.9
S10684,2028,Fall,MATH101,66.2
S10387,2026,Summer,MATH101,88.3
S10750,2028,Summer,MATH101,68.6
S12977,2039,Spring,ENG201,83.9
S12104,2035,Spring,ECON210,75.8
S10314,2026,Summer,MATH101,83.8
S12169,2035,Fall,MATH101,89.1
S12545,2037,Summer,ENG201,91.5
S12469,2037,Spring,CS150,86.3
S10199,2025,Spring,BIO110,62.9
S11458,2032,Summer,ECON210,91.7
S11718,2033,Summer,HIST205,88.3
S11479,2032,Summer,ENG201,77.8
S13129,2040,Fall,PSY101,88.7
S10216,2026,Summer,BIO110,67.2
S10668,2028,Summer,HIST205,54.8
S12452,2037,Fall,MATH101,87.5
S10554,2027,Fall,CS150,77.4
S13120,2040,Spring,MATH101,88.1
S11309,2031,Summer,CHEM120,83.8
S10598,2027,Summer,ENG201,71.1
S10239,2026,Fall,HIST205,80.2
S10667,2028,Fall,MATH101,88.0
S11063,2030,Summer,HIST205,64.7
S10071,2025,Summer,MATH101,84.3
S12099,2035,Summer,CHEM120,91.9
S11528,2032,Summer,CHEM120,77.4
S10489,2027,Spring,ECON210,81.7
S12832,2039,Spring,ECON210,100.0
S11056,2030,Fall,PSY101,78.5
S12992,2039,Spring,MATH101,91.2
S12316,2036,Fall,ENG201,93.4
S11968,2034,Summer,HIST205,82.4
S11481,2032,Summer,MATH101,78.4
S10273,2026,Spring,HIST205,73.4
S12019,2035,Summer,HIST205,75.4
S12590,2037,Fall,HIST205,97.9
S10488,2027,Fall,ECON210,88.2
S10116,2025,Fall,CS150,71.7
S11002,2030,Fall,CS150,79.1
S13038,2040,Spring,ENG201,84.3
S12838,2039,Summer,PSY101,100.0
S11708,2033,Spring,ENG201,81.6
S11178,2030,Spring,CHEM120,70.8
S10508,2027,Summer,CS150,75.1
S11935,2034,Spring,CS150,72.0
S11229,2031,Summer,CHEM120,97.7
S13149,2040,Spring,ECON210,84.8
S10630,2028,Fall,ENG201,62.5
S10010,2025,Fall,PSY101,68.3
S10109,2025,Spring,ENG201,71.4
S10919,2029,Spring,BIO110,78.9
S11898,2034,Fall,PSY101,88.5
S12290,2036,Fall,BIO110,100.0
S12023,2035,Fall,MATH101,74.9
S11244,2031,Summer,BIO110,74.8
S11236,2031,Fall,ECON210,93.4
S10172,2025,Summer,HIST205,71.4
S12994,2039,Summer,ENG201,83.1
S12268,2036,Spring,PSY101,82.6
S11185,2030,Spring,ENG201,86.2
S11563,2032,Spring,PSY101,88.4
S10761,2028,Fall,BIO110,77.0
S10816,2029,Summer,ENG201,79.5
S10560,2027,Summer,ECON210,77.0
S12326,2036,Spring,ECON210,77.9
S11892,2034,Spring,ECON210,80.5
S12276,2036,Spring,ENG201,92.1
S10716,2028,Summer,MATH101,76.9
S11697,2033,Spring,ECON210,77.2
S11119,2030,Spring,MATH101,87.1
S11677,2033,Spring,ENG201,94.8
S10027,2025,Fall,ENG201,75.0
S10362,2026,Fall,PSY101,72.5
S13072,2040,Spring,ECON210,93.6
S10270,2026,Fall,ECON210,84.9
S11373,2031,Fall,MATH101,67.1
S13098,2040,Summer,ENG201,91.0
S11944,2034,Fall,CHEM120,89.0
S11242,2031,Spring,HIST205,75.3
S10851,2029,Spring,ENG201,72.9
S10588,2027,Fall,HIST205,81.3
S10352,2026,Summer,PSY101,80.2
S12405,2037,Summer,CHEM120,98.7
S12460,2037,Summer,BIO110,88.6
S11696,2033,Summer,CHEM120,74.7
S11736,2033,Spring,ECON210,74.2
S10670,2028,Fall,CHEM120,86.0
S13144,2040,Summer,PSY101,95.5
S11812,2034,Fall,MATH101,96.9
S11702,2033,Summer,CS150,87.7
S11819,2034,Fall,HIST205,76.1
S10883,2029,Summer,CS150,85.7
S10358,2026,Summer,HIST205,75.9
S12297,2036,Spring,CS150,97.9
S11825,2034,Summer,ENG201,87.5
S12457,2037,Spring,CHEM120,89.9
S13167,2040,Spring,ECON210,93.3
S11412,2032,Summer,MATH101,85.0
S11165,2030,Summer,PSY101,98.2
S10049,2025,Summer,ECON210,57.9
S12489,2037,Summer,CHEM120,72.6
S11581,2032,Fall,PSY101,90.5
S12497,2037,Summer,CS150,85.8
S11751,2033,Summer,HIST205,88.1
S12490,2037,Spring,CHEM120,87.9
S11628,2033,Spring,MATH101,83.2
S11478,2032,Fall,CHEM120,74.2
S12926,2039,Summer,ECON210,89.7
S12095,2035,Summer,CHEM120,84.7
S11301,2031,Spring,HIST205,87.9
S12008,2035,Fall,CS150,90.6
S10796,2028,Fall,CS150,75.7
S12672,2038,Fall,BIO110,91.4
S12096,2035,Summer,HIST205,90.7
S12570,2037,Summer,ENG201,88.3
S11824,2034,Summer,MATH101,85.3
S12205,2036,Fall,CHEM120,90.4
S10342,2026,Fall,ECON210,75.3
S12555,2037,Summer,PSY101,92.3
S10801,2029,Fall,ECON210,73.2
S11138,2030,Spring,ENG201,83.4
S10909,2029,Fall,MATH101,94.6
S12156,2035,Fall,HIST205,82.3
S12389,2036,Fall,MATH101,94.9
S10799,2028,Spring,BIO110,76.2
S10225,2026,Spring,CHEM120,82.0
S12707,2038,Spring,ENG201,89.5
S10378,2026,Fall,BIO110,90.9
S11463,2032,Fall,ECON210,74.5
S13013,2040,Fall,BIO110,80.8
S10902,2029,Summer,BIO110,77.6
S11645,2033,Fall,CHEM120,86.1
S10101,2025,Spring,ENG201,68.6
S11261,2031,Spring,CHEM120,80.6
S12958,2039,Spring,HIST205,99.8
S12256,2036,Fall,ENG201,93.8
S10571,2027,Spring,ECON210,88.1
S12907,2039,Summer,MATH101,81.6
S11961,2034,Fall,HIST205,86.3
S10460,2027,Summer,MATH101,90.4
S11387,2031,Fall,MATH101,92.5
S11810,2034,Fall,ENG201,80.1
S12315,2036,Spring,ECON210,90.0
S10602,2028,Spring,ECON210,83.0
S12682,2038,Fall,HIST205,86.7
S12965,2039,Summer,ENG201,88.6
S12550,2037,Fall,ECON210,75.3
S11210,2031,Summer,BIO110,70.0
S11356,2031,Spring,PSY101,75.6
S12800,2039,Fall,CHEM120,92.1
S12237,2036,Spring,ECON210,79.0
S10017,2025,Summer,ENG201,74.5
S10639,2028,Fall,ENG201,65.6
S11311,2031,Fall,PSY101,86.5
S11876,2034,Spring,BIO110,79.5
S10595,2027,Summer,ECON210,70.6
S12045,2035,Spring,MATH101,94.3
S11657,2033,Fall,CHEM120,93.2
S10102,2025,Spring,CS150,69.3
S10497,2027,Spring,CS150,73.1
S11235,2031,Summer,ENG201,93.1
S12185,2035,Spring,ECON210,97.6
S10665,2028,Summer,CS150,76.9
S12211,2036,Fall,CS150,91.5
S11836,2034,Summer,CS150,74.9
S12587,2037,Spring,BIO110,86.4
S10605,2028,Fall,CS150,91.0
S11408,2032,Summer,ECON210,78.8
S11298,2031,Spring,CHEM120,82.1
S13019,2040,Fall,HIST205,96.4
S12303,2036,Summer,BIO110,88.7
S10840,2029,Spring,HIST205,76.9
S10755,2028,Summer,ENG201,97.1
S13199,2040,Fall,ECON210,95.5
S11066,2030,Fall,ECON210,68.3
S11805,2034,Summer,HIST205,71.3
S10518,2027,Fall,ENG201,75.5
S12998,2039,Summer,CS150,93.3
S11296,2031,Fall,MATH101,87.4
S13137,2040,Fall,CS150,83.8
S10478,2027,Summer,ECON210,99.3
S13180,2040,Summer,CS150,99.8
S10660,2028,Summer,ENG201,71.4
S10628,2028,Spring,PSY101,76.4
S13198,2040,Fall,BIO110,89.0
S10746,2028,Fall,CS150,77.5
S11168,2030,Fall,BIO110,83.4
S12990,2039,Fall,CHEM120,100.0
S10658,2028,Spring,ENG201,77.6
S10681,2028,Spring,BIO110,67.0
S11867,2034,Spring,PSY101,93.0
S11164,2030,Spring,PSY101,86.8
S11446,2032,Summer,ENG201,77.1
S10607,2028,Spring,PSY101,66.0
S10193,2025,Fall,CHEM120,62.0
S11180,2030,Spring,HIST205,80.1
S11523,2032,Spring,ENG201,73.7
S11983,2034,Spring,ECON210,90.9
S10928,2029,Summer,BIO110,89.9
S11064,2030,Spring,HIST205,75.8
S10703,2028,Spring,CHEM120,64.7
S11255,2031,Spring,MATH101,70.3
S12551,2037,Spring,PSY101,73.0
S12981,2039,Fall,CHEM120,100.0
S11245,2031,Spring,CS150,70.2
S12571,2037,Spring,ENG201,76.4
S11823,2034,Spring,MATH101,78.8
S12246,2036,Fall,PSY101,79.5
S12805,2039,Summer,CS150,76.5
S12430,2037,Spring,BIO110,92.5
S12584,2037,Summer,ECON210,96.8
S11336,2031,Fall,CS150,75.1
S13190,2040,Summer,ECON210,88.7
S12370,2036,Spring,CHEM120,85.4
S12796,2038,Spring,ECON210,93.9
S13008,2040,Fall,MATH101,100.0
S12128,2035,Fall,CHEM120,91.1
S10951,2029,Spring,BIO110,80.1
S10090,2025,Spring,CHEM120,72.8
S10257,2026,Fall,CHEM120,67.7
S10774,2028,Spring,CS150,81.0
S11194,2030,Fall,CS150,65.9
S10087,2025,Spring,ECON210,74.6
S11818,2034,Summer,HIST205,82.3
S11720,2033,Spring,CHEM120,86.8
S11420,2032,Summer,PSY101,85.6
S11941,2034,Summer,HIST205,80.9
S10540,2027,Fall,PSY101,81.4
S12217,2036,Summer,CHEM120,86.1
S11706,2033,Spring,CHEM120,88.0
S11200,2031,Fall,PSY101,81.0
S10092,2025,Summer,CS150,66.4
S12132,2035,Fall,CS150,90.7
S10836,2029,Spring,MATH101,89.7
S10616,2028,Fall,CHEM120,76.9
S12032,2035,Fall,HIST205,89.1
S10606,2028,Fall,CS150,69.8
S10458,2027,Summer,MATH101,70.2
S11130,2030,Fall,ENG201,81.2
S10674,2028,Spring,HIST205,64.7
S10447,2027,Spring,ECON210,67.1
S10315,2026,Fall,MATH101,73.5
S11181,2030,Spring,ENG201,89.8
S10732,2028,Spring,CS150,79.3
S11600,2033,Spring,PSY101,81.2
S10328,2026,Spring,HIST205,78.3
S10357,2026,Summer,CS150,71.0
S11875,2034,Fall,ECON210,95.2
S10771,2028,Summer,CS150,71.5
S10268,2026,Fall,CS150,69.8
S11507,2032,Spring,ENG201,89.0
S12543,2037,Summer,HIST205,85.5
S11851,2034,Spring,PSY101,98.2
S11197,2030,Summer,HIST205,83.1
S12182,2035,Summer,CS150,83.9
S12178,2035,Fall,PSY101,100.0
S11925,2034,Fall,MATH101,76.6
S10502,2027,Spring,CS150,63.5
S12157,2035,Fall,CS150,82.8
S12053,2035,Summer,ECON210,82.9
S11991,2034,Fall,PSY101,90.0
S12836,2039,Fall,CS150,100.0
S11414,2032,Spring,CS150,76.2
S11527,2032,Summer,MATH101,93.7
S10259,2026,Summer,PSY101,79.5
S10223,2026,Summer,MATH101,60.4
S13049,2040,Spring,ENG201,100.0
S11732,2033,Summer,HIST205,82.5
S12062,2035,Summer,CS150,88.5
S11095,2030,Spring,CHEM120,78.0
S11444,2032,Fall,ENG201,84.5
S11312,2031,Summer,MATH101,91.1
S10923,2029,Fall,ECON210,71.7
S10859,2029,Summer,CHEM120,82.4
S12376,2036,Fall,HIST205,83.8
S11959,2034,Summer,ENG201,85.8
S10465,2027,Summer,BIO110,72.9
S12801,2039,Spring,ENG201,100.0
S10977,2029,Spring,MATH101,57.9
S11371,2031,Fall,CHEM120,93.7
S10566,2027,Spring,CS150,58.4
S10838,2029,Spring,PSY101,85.2
S12296,2036,Summer,CS150,90.0
S10274,2026,Fall,ECON210,65.5
S12288,2036,Summer,ECON210,81.9
S10717,2028,Summer,ENG201,77.2
S11500,2032,Spring,BIO110,87.6
S12615,2038,Summer,CHEM120,94.7
S10167,2025,Fall,HIST205,87.2
S12803,2039,Summer,ENG201,82.6
S12716,2038,Fall,ECON210,94.3
S11497,2032,Spring,HIST205,91.0
S11568,2032,Spring,HIST205,68.8
S13067,2040,Fall,CHEM120,92.1
S10211,2026,Summer,ENG201,82.4
S11490,2032,Spring,CS150,76.9
S12108,2035,Fall,MATH101,82.7
S10224,2026,Fall,PSY101,69.6
S12724,2038,Summer,ENG201,100.0
S12541,2037,Summer,CS150,77.9
S10331,2026,Summer,CHEM120,66.2
S10848,2029,Summer,PSY101,72.2
S12356,2036,Summer,ECON210,83.7
S12221,2036,Summer,HIST205,81.5
S12846,2039,Spring,CHEM120,86.0
S11105,2030,Spring,ECON210,70.3
S11744,2033,Spring,CHEM120,75.2
S11214,2031,Summer,CHEM120,77.6
S10133,2025,Summer,HIST205,75.8
S12174,2035,Fall,HIST205,78.7
S11363,2031,Summer,CS150,72.2
S11576,2032,Spring,ECON210,68.4
S10289,2026,Spring,PSY101,68.4
S12569,2037,Spring,BIO110,86.1
S10005,2025,Fall,PSY101,70.1
S12594,2037,Summer,CS150,94.8
S12798,2038,Summer,PSY101,86.5
S12567,2037,Fall,HIST205,93.2
S11517,2032,Spring,ECON210,86.4
S10757,2028,Fall,PSY101,77.5
S12923,2039,Spring,ENG201,90.2
S10567,2027,Fall,HIST205,66.6
S11899,2034,Spring,MATH101,81.6
S12735,2038,Fall,PSY101,85.1
S10099,2025,Spring,ENG201,70.1
S12390,2036,Fall,PSY101,71.9
S12336,2036,Fall,HIST205,90.7
S11881,2034,Spring,ECON210,96.9
S10662,2028,Spring,MATH101,75.7
S11248,2031,Summer,CS150,81.9
S11965,2034,Spring,CS150,84.7
S10065,2025,Fall,MATH101,82.8
S12971,2039,Spring,ENG201,90.1
S12652,2038,Fall,ENG201,93.4
S12984,2039,Summer,HIST205,77.4
S11211,2031,Summer,MATH101,74.5
S12727,2038,Fall,PSY101,100.0
S10543,2027,Spring,PSY101,86.2
S10892,2029,Spring,CS150,85.9
S11665,2033,Fall,ENG201,82.5
S10050,2025,Spring,HIST205,74.6
S12287,2036,Spring,CS150,84.7
S10340,2026,Summer,ENG201,66.8
S10985,2029,Summer,ENG201,68.1
S12028,2035,Summer,BIO110,87.0
S11853,2034,Fall,BIO110,91.4
S12750,2038,Summer,PSY101,100.0
S11963,2034,Fall,CS150,89.2
S11615,2033,Summer,ENG201,100.0
S12175,2035,Spring,MATH101,100.0
S11743,2033,Summer,BIO110,92.0
S10137,2025,Spring,MATH101,69.4
S12065,2035,Summer,CS150,80.7
S11927,2034,Fall,HIST205,81.7
S10164,2025,Spring,ECON210,79.7
S10181,2025,Spring,HIST205,65.1
S11711,2033,Spring,BIO110,81.7
S10020,2025,Summer,HIST205,83.7
S12349,2036,Fall,HIST205,83.5
S12914,2039,Fall,MATH101,96.2
S12696,2038,Summer,ENG201,98.0
S10910,2029,Fall,BIO110,74.9
S12913,2039,Fall,PSY101,96.7
S11778,2033,Fall,MATH101,79.2
S11340,2031,Fall,CHEM120,81.3
S11015,2030,Fall,ECON210,80.2
S11010,2030,Summer,CS150,89.2
S11753,2033,Spring,ENG201,68.0
S10059,2025,Fall,BIO110,79.8
S11143,2030,Fall,BIO110,79.7
S11895,2034,Fall,CS150,81.0
S11939,2034,Summer,HIST205,84.8
S12423,2037,Fall,CHEM120,87.7
S10886,2029,Summer,HIST205,82.0
S12938,2039,Summer,PSY101,77.6
S12137,2035,Summer,MATH101,97.7
S11686,2033,Fall,HIST205,78.9
S10354,2026,Summer,CS150,73.2
S10940,2029,Summer,CS150,67.1
S12264,2036,Fall,BIO110,92.1
S12367,2036,Fall,PSY101,73.0
S10696,2028,Summer,ECON210,78.6
S12504,2037,Spring,PSY101,79.3
S13079,2040,Summer,CS150,90.0
S10642,2028,Summer,BIO110,73.9
S12472,2037,Summer,ENG201,81.7
S11208,2031,Spring,ECON210,68.8
S10900,2029,Summer,MATH101,80.3
S11407,2032,Spring,ECON210,93.3
S10701,2028,Fall,ECON210,84.4
S11713,2033,Fall,PSY101,89.4
S11878,2034,Spring,PSY101,70.5
S11906,2034,Summer,PSY101,71.4
S10455,2027,Summer,ENG201,68.3
S10559,2027,Fall,MATH101,71.3
S11149,2030,Spring,ECON210,71.9
S10244,2026,Summer,ECON210,63.7
S12329,2036,Spring,MATH101,93.5
S10131,2025,Summer,MATH101,72.5
S10521,2027,Spring,MATH101,79.0
S11375,2031,Fall,CHEM120,78.3
S10828,2029,Spring,MATH101,74.0
S11104,2030,Summer,ECON210,87.5
S11468,2032,Spring,HIST205,71.8
S12588,2037,Fall,ECON210,81.6
S10795,2028,Fall,MATH101,84.4
S11874,2034,Summer,ECON210,94.5
S10558,2027,Fall,ENG201,77.8
S11529,2032,Fall,BIO110,72.4
S11586,2032,Spring,MATH101,82.7
S10729,2028,Fall,ENG201,69.8
S11863,2034,Spring,PSY101,70.0
S12496,2037,Fall,MATH101,85.8
S10885,2029,Fall,ECON210,92.1
S10593,2027,Spring,ENG201,77.3
S11785,2033,Summer,ENG201,71.0
S13170,2040,Summer,ENG201,84.4
S11984,2034,Summer,BIO110,91.6
S12396,2036,Fall,ENG201,79.3
S11929,2034,Summer,PSY101,99.7
S10301,2026,Fall,BIO110,68.9
S12882,2039,Spring,MATH101,85.8
S11538,2032,Summer,ENG201,72.0
S10819,2029,Spring,HIST205,85.9
S11689,2033,Spring,ENG201,80.6
S10971,2029,Fall,MATH101,71.9
S10401,2027,Fall,HIST205,69.9
S10932,2029,Fall,ENG201,65.7
S12758,2038,Fall,BIO110,80.3
S10451,2027,Spring,CS150,82.3
S10942,2029,Fall,ENG201,82.5
S11334,2031,Spring,CS150,81.2
S10814,2029,Summer,MATH101,85.6
S11716,2033,Spring,CS150,85.3
S11335,2031,Fall,ENG201,77.3
S12374,2036,Fall,BIO110,95.6
S12427,2037,Summer,MATH101,87.5
S11821,2034,Spring,MATH101,84.6
S10963,2029,Fall,BIO110,83.0
S10290,2026,Summer,MATH101,71.7
S13166,2040,Fall,CS150,88.9
S12109,2035,Spring,HIST205,90.2
S13194,2040,Spring,HIST205,79.7
S10119,2025,Fall,ECON210,78.0
S10647,2028,Spring,ENG201,75.6
S10720,2028,Fall,PSY101,78.5
S12201,2036,Summer,MATH101,85.1
S10214,2026,Fall,CS150,70.8
S10427,2027,Spring,MATH101,80.2
S10177,2025,Summer,MATH101,83.6
S11856,2034,Spring,CHEM120,95.1
S12526,2037,Spring,HIST205,91.4
S11369,2031,Summer,PSY101,72.9
S11029,2030,Spring,PSY101,70.5
S13146,2040,Fall,BIO110,86.3
S10858,2029,Summer,ENG201,72.9
S11167,2030,Summer,ENG201,83.2
S11491,2032,Fall,HIST205,100.0
S12641,2038,Spring,ENG201,87.6
S10221,2026,Summer,ENG201,58.4
S10176,2025,Fall,ECON210,72.1
S12744,2038,Fall,PSY101,69.1
S10654,2028,Summer,PSY101,96.6
S10722,2028,Summer,MATH101,65.2
S12037,2035,Spring,ECON210,81.3
S13150,2040,Fall,PSY101,98.7
S10611,2028,Fall,MATH101,75.6
S10461,2027,Spring,CS150,74.9
S10793,2028,Spring,ENG201,65.8
S10217,2026,Fall,HIST205,71.4
S13057,2040,Summer,CS150,93.6
S10852,2029,Fall,CS150,72.2
S12700,2038,Fall,HIST205,92.4
S12565,2037,Spring,MATH101,84.7
S11901,2034,Spring,MATH101,81.3
S13093,2040,Spring,CS150,95.4
S12078,2035,Fall,BIO110,84.2
S12210,2036,Spring,CHEM120,76.7
S11482,2032,Summer,HIST205,95.1
S12535,2037,Summer,MATH101,85.6
S10391,2026,Spring,MATH101,77.3
S13139,2040,Summer,PSY101,89.9
S10481,2027,Summer,CHEM120,67.0
S10786,2028,Fall,PSY101,82.7
S10965,2029,Spring,CS150,88.9
S12284,2036,Spring,CHEM120,83.0
S10018,2025,Spring,PSY101,64.7
S11715,2033,Summer,PSY101,81.9
S11424,2032,Summer,MATH101,73.0
S11233,2031,Summer,HIST205,100.0
S12568,2037,Fall,ENG201,94.9
S10360,2026,Fall,CHEM120,77.5
S12506,2037,Fall,CS150,100.0
S12047,2035,Spring,ECON210,85.3
S10737,2028,Fall,BIO110,83.9
S12442,2037,Spring,MATH101,77.7
S13006,2040,Fall,CS150,95.9
S13131,2040,Spring,CS150,91.7
S10714,2028,Spring,PSY101,75.7
S10979,2029,Summer,ECON210,83.4
S11687,2033,Fall,MATH101,84.3
S11844,2034,Fall,PSY101,85.3
S12918,2039,Summer,BIO110,91.5
S11109,2030,Fall,HIST205,94.0
S12620,2038,Summer,ECON210,95.0
S10586,2027,Fall,ENG201,71.0
S10844,2029,Spring,ENG201,78.7
S10519,2027,Summer,BIO110,80.7
S11949,2034,Fall,ECON210,83.6
S11704,2033,Fall,HIST205,85.9
S11162,2030,Spring,HIST205,67.6
S12431,2037,Summer,PSY101,79.8
S12669,2038,Fall,CS150,94.3
S10365,2026,Fall,ECON210,70.1
S10734,2028,Fall,ENG201,84.2
S10029,2025,Summer,ENG201,69.7
S10026,2025,Fall,CHEM120,62.8
S10330,2026,Summer,PSY101,73.2
S11994,2034,Spring,MATH101,86.8
S10064,2025,Fall,HIST205,78.5
S10646,2028,Summer,PSY101,54.4
S11540,2032,Spring,CHEM120,81.1
S12508,2037,Summer,ENG201,77.2
S13177,2040,Summer,ECON210,88.0
S10409,2027,Fall,ENG201,78.8
S10546,2027,Fall,CS150,79.3
S10166,2025,Fall,MATH101,78.6
S12383,2036,Spring,ENG201,86.3
S10997,2029,Summer,HIST205,82.5
S11796,2033,Summer,PSY101,80.1
S10675,2028,Fall,CHEM120,69.8
S12266,2036,Spring,BIO110,72.4
S11515,2032,Spring,PSY101,80.4
S12852,2039,Summer,HIST205,81.8
S10688,2028,Spring,CS150,81.7
S11700,2033,Spring,CHEM120,85.5
S10578,2027,Summer,CS150,62.8
S11121,2030,Spring,ECON210,88.2
S12874,2039,Fall,ENG201,90.4
S12881,2039,Spring,BIO110,73.7
S11374,2031,Fall,ECON210,91.8
S10710,2028,Summer,PSY101,77.7
S12429,2037,Fall,MATH101,85.3
S10186,2025,Fall,BIO110,75.8
S10873,2029,Summer,HIST205,71.5
S11317,2031,Summer,BIO110,77.6
S10562,2027,Fall,BIO110,81.6
S12235,2036,Fall,ENG201,92.5
S12359,2036,Fall,PSY101,89.9
S12802,2039,Summer,PSY101,93.5
S10494,2027,Spring,CHEM120,86.9
S11328,2031,Summer,CS150,70.3
S11646,2033,Summer,CS150,81.2
S12778,2038,Fall,MATH101,88.8
S11381,2031,Fall,BIO110,76.1
S11745,2033,Fall,CS150,84.6
S10830,2029,Fall,CS150,66.6
S12936,2039,Spring,PSY101,85.8
S10903,2029,Spring,BIO110,87.6
S12521,2037,Fall,CS150,100.0
S12437,2037,Summer,HIST205,94.6
S12036,2035,Summer,ENG201,88.5
S10467,2027,Fall,ECON210,80.7
S13024,2040,Spring,HIST205,77.0
S10261,2026,Fall,MATH101,72.9
S12420,2037,Fall,PSY101,96.4
S10699,2028,Summer,PSY101,74.5
S12503,2037,Fall,BIO110,83.1
S11868,2034,Spring,PSY101,75.3
S13136,2040,Summer,PSY101,99.6
S11258,2031,Spring,PSY101,74.4
S10204,2026,Summer,MATH101,62.3
S12947,2039,Spring,MATH101,66.7
S10705,2028,Spring,CHEM120,80.8
S10058,2025,Spring,BIO110,74.7
S10534,2027,Summer,HIST205,69.5
S12657,2038,Spring,CHEM120,96.5
S12872,2039,Fall,BIO110,74.0
S10994,2029,Summer,CS150,69.3
S10187,2025,Fall,MATH101,71.4
S12532,2037,Summer,BIO110,92.4
S11930,2034,Summer,ECON210,74.2
S10078,2025,Spring,MATH101,72.7
S12920,2039,Fall,MATH101,84.9
S12002,2035,Summer,BIO110,79.0
S10579,2027,Fall,HIST205,83.8
S12928,2039,Summer,CHEM120,100.0
S10295,2026,Fall,CHEM120,67.8
S10954,2029,Spring,BIO110,76.7
S12373,2036,Spring,PSY101,90.7
S10610,2028,Spring,CHEM120,81.2
S12197,2035,Fall,HIST205,85.5
S12777,2038,Spring,CHEM120,87.4
S11877,2034,Summer,PSY101,82.3
S12142,2035,Fall,BIO110,86.7
S12733,2038,Fall,CS150,82.3
S12678,2038,Spring,PSY101,90.1
S10867,2029,Fall,BIO110,80.0
S10484,2027,Summer,CS150,68.6
S11660,2033,Fall,HIST205,93.2
S10175,2025,Spring,HIST205,78.6
S11383,2031,Summer,ENG201,75.2
S10229,2026,Fall,ENG201,78.8
S11389,2031,Spring,CHEM120,74.0
S10151,2025,Summer,CHEM120,74.8
S10067,2025,Fall,HIST205,80.0
S11840,2034,Summer,CHEM120,83.0
S12187,2035,Fall,CHEM120,83.2
S12046,2035,Fall,ENG201,85.3
S11260,2031,Spring,BIO110,84.5
S13025,2040,Spring,CS150,88.9
S13029,2040,Summer,CS150,92.3
S10258,2026,Fall,PSY101,76.9
S11592,2032,Summer,ENG201,84.8
S12003,2035,Spring,PSY101,82.9
S10976,2029,Summer,ECON210,73.7
S12428,2037,Spring,PSY101,97.0
S10103,2025,Spring,CHEM120,65.6
S13089,2040,Spring,CS150,93.1
S10146,2025,Summer,ENG201,62.1
S10573,2027,Spring,PSY101,72.9
S10776,2028,Summer,HIST205,70.2
S11793,2033,Summer,HIST205,88.0
S12591,2037,Summer,ECON210,84.3
S10347,2026,Summer,PSY101,62.1
S11992,2034,Summer,PSY101,93.5
S11471,2032,Spring,ECON210,76.5
S12821,2039,Summer,MATH101,97.4
S12583,2037,Fall,CS150,97.8
S10437,2027,Fall,HIST205,63.6
S13151,2040,Spring,ENG201,89.0
S12850,2039,Spring,CS150,86.3
S11224,2031,Summer,HIST205,78.5
S10782,2028,Spring,ENG201,79.0
S13179,2040,Fall,CS150,96.1
S11573,2032,Summer,MATH101,70.5
S10161,2025,Spring,CS150,78.3
S12271,2036,Fall,CS150,82.8
S10723,2028,Summer,BIO110,81.9
S10831,2029,Spring,BIO110,70.0
S13070,2040,Fall,ECON210,81.8
S11187,2030,Summer,MATH101,76.9
S11882,2034,Summer,CS150,74.1
S10329,2026,Spring,MATH101,78.4
S11392,2031,Fall,PSY101,96.1
S12189,2035,Summer,ECON210,90.0
S11496,2032,Spring,PSY101,97.8
S10371,2026,Summer,CS150,77.3
S12650,2038,Summer,BIO110,82.1
S12589,2037,Fall,PSY101,87.5
S10226,2026,Summer,PSY101,73.8
S11640,2033,Summer,CS150,82.9
S11240,2031,Fall,CHEM120,77.0
S12792,2038,Fall,PSY101,86.0
S11365,2031,Summer,HIST205,78.7
S11470,2032,Spring,HIST205,90.9
S12192,2035,Fall,ENG201,100.0
S12323,2036,Spring,BIO110,100.0
S10496,2027,Spring,PSY101,66.4
S11974,2034,Fall,ENG201,83.9
S12823,2039,Fall,CHEM120,79.4
S11574,2032,Spring,ECON210,85.1
S10013,2025,Spring,BIO110,56.7
S10925,2029,Fall,ECON210,65.1
S12212,2036,Summer,CS150,93.7
S10287,2026,Fall,ECON210,78.0
S13015,2040,Fall,ECON210,100.0
S11654,2033,Fall,PSY101,85.4
S11786,2033,Spring,CS150,80.2
S11958,2034,Spring,BIO110,92.4
S12009,2035,Summer,BIO110,92.8
S12898,2039,Fall,CHEM120,88.4
S12111,2035,Fall,ECON210,84.0
S10015,2025,Summer,HIST205,67.5
S12353,2036,Fall,CHEM120,75.7
S13121,2040,Spring,BIO110,87.1
S11350,2031,Spring,CS150,70.6
S12867,2039,Spring,BIO110,83.6
S10620,2028,Spring,HIST205,69.7
S11091,2030,Summer,ECON210,78.4
S11599,2032,Spring,CHEM120,75.5
S12722,2038,Fall,MATH101,80.9
S10154,2025,Summer,BIO110,74.3
S10003,2025,Spring,ENG201,84.2
S12622,2038,Spring,BIO110,90.0
S12674,2038,Spring,ECON210,81.3
S10609,2028,Spring,ECON210,88.0
S12038,2035,Spring,CHEM120,85.1
S10076,2025,Fall,CHEM120,72.7
S13095,2040,Spring,HIST205,100.0
S11026,2030,Summer,ECON210,79.0
S12980,2039,Fall,CHEM120,92.8
S12340,2036,Fall,HIST205,92.3
S10288,2026,Summer,MATH101,75.6
S10298,2026,Summer,MATH101,79.8
S10142,2025,Spring,ENG201,59.1
S10423,2027,Summer,ENG201,82.4
S11060,2030,Fall,HIST205,84.8
S12930,2039,Summer,CS150,97.6
S11808,2034,Summer,BIO110,71.4
S10435,2027,Fall,MATH101,75.3
S12635,2038,Summer,ENG201,97.9
S12514,2037,Fall,HIST205,87.0
S10894,2029,Summer,ECON210,88.4
S11766,2033,Fall,PSY101,100.0
S12214,2036,Fall,ECON210,82.9
S10589,2027,Fall,PSY101,67.8
S10444,2027,Summer,BIO110,64.2
S12015,2035,Spring,MATH101,83.8
S12643,2038,Summer,ECON210,84.1
S10730,2028,Summer,HIST205,77.6
S11608,2033,Summer,HIST205,85.3
S12499,2037,Summer,HIST205,90.7
S10821,2029,Summer,ENG201,88.6
S12014,2035,Spring,BIO110,92.0
S10284,2026,Fall,CHEM120,90.4
S11804,2034,Summer,MATH101,69.6
S10728,2028,Summer,PSY101,71.7
S11084,2030,Fall,CHEM120,81.7
S11057,2030,Summer,BIO110,88.0
S10246,2026,Fall,ECON210,69.5
S11362,2031,Fall,CHEM120,81.0
S11591,2032,Spring,BIO110,58.0
S11567,2032,Fall,ENG201,85.5
S10255,2026,Summer,ENG201,69.5
S11135,2030,Summer,CS150,86.4
S10303,2026,Fall,MATH101,78.2
S10663,2028,Fall,CS150,71.7
S11054,2030,Fall,CS150,74.3
S11324,2031,Fall,PSY101,80.5
S12734,2038,Fall,ECON210,100.0
S12835,2039,Fall,HIST205,88.3
S11748,2033,Fall,CS150,84.2
S11132,2030,Summer,CHEM120,91.6
S11857,2034,Spring,MATH101,82.0
S12616,2038,Spring,BIO110,83.5
S10310,2026,Summer,CS150,71.6
S12705,2038,Spring,BIO110,97.7
S11912,2034,Fall,CS150,89.1
S11206,2031,Summer,BIO110,74.4
S11037,2030,Summer,HIST205,67.0
S10754,2028,Spring,CS150,68.4
S12849,2039,Summer,BIO110,86.4
S10454,2027,Fall,MATH101,70.4
S10756,2028,Fall,ENG201,79.9
S12318,2036,Fall,MATH101,82.2
S12653,2038,Summer,ECON210,97.6
S12688,2038,Spring,BIO110,95.4
S11539,2032,Fall,ENG201,58.4
S10532,2027,Spring,ECON210,74.1
S12476,2037,Summer,PSY101,86.2
S10353,2026,Summer,MATH101,72.1
S10491,2027,Summer,CS150,86.5
S12900,2039,Spring,ECON210,90.3
S10498,2027,Fall,ECON210,67.7
S12613,2038,Fall,HIST205,89.3
S12455,2037,Fall,CS150,99.9
S10888,2029,Spring,PSY101,82.1
S12689,2038,Summer,HIST205,94.2
S12433,2037,Summer,CHEM120,86.6
S10232,2026,Fall,PSY101,73.7
S10376,2026,Spring,CHEM120,80.3
S12537,2037,Fall,BIO110,95.3
S10097,2025,Fall,CHEM120,74.1
S10139,2025,Spring,MATH101,62.2
S10790,2028,Spring,CS150,79.4
S11031,2030,Fall,CS150,65.3
S11160,2030,Fall,MATH101,58.7
S12970,2039,Summer,CS150,75.4
S10898,2029,Spring,CS150,87.0
S11439,2032,Fall,PSY101,87.2
S11826,2034,Summer,ECON210,75.3
S12807,2039,Summer,CS150,84.0
S10425,2027,Fall,BIO110,85.6
S12151,2035,Spring,PSY101,98.6
S10400,2027,Spring,BIO110,61.9
S11684,2033,Summer,ENG201,73.2
S13145,2040,Spring,HIST205,95.8
S10278,2026,Spring,HIST205,73.9
S10034,2025,Summer,CHEM120,78.6
S12755,2038,Summer,CHEM120,85.7
S10043,2025,Spring,CHEM120,69.6
S12243,2036,Fall,CHEM120,74.2
S11283,2031,Spring,PSY101,87.7
S10736,2028,Summer,CS150,78.0
S12827,2039,Fall,MATH101,90.2
S12775,2038,Summer,CS150,87.1
S11382,2031,Fall,PSY101,97.3
S12129,2035,Spring,ENG201,91.1
S10798,2028,Fall,PSY101,76.2
S12411,2037,Fall,CS150,100.0
S12752,2038,Summer,MATH101,85.6
S13172,2040,Spring,ECON210,81.5
S10990,2029,Spring,MATH101,79.0
S13068,2040,Spring,ENG201,93.8
S12765,2038,Summer,ENG201,95.9
S11888,2034,Summer,ECON210,80.2
S11602,2033,Fall,MATH101,77.5
S12392,2036,Summer,MATH101,74.7
S12680,2038,Summer,MATH101,94.8
S11045,2030,Spring,ENG201,85.7
S10402,2027,Spring,CHEM120,74.7
S11093,2030,Summer,CS150,79.1
S11107,2030,Spring,CS150,70.2
S11372,2031,Fall,BIO110,69.0
S11116,2030,Fall,ENG201,97.9
S12670,2038,Fall,MATH101,83.8
S12500,2037,Summer,BIO110,92.6
S11768,2033,Summer,HIST205,83.7
S11449,2032,Summer,BIO110,81.5
S12610,2038,Summer,CHEM120,94.5
S12176,2035,Summer,ECON210,72.5
S10398,2026,Summer,ECON210,72.4
S10168,2025,Fall,ENG201,70.0
S12797,2038,Fall,CHEM120,75.0
S12171,2035,Spring,HIST205,84.7
S11293,2031,Fall,ECON210,86.7
S12779,2038,Fall,PSY101,93.2
S11564,2032,Summer,PSY101,87.2
S11838,2034,Spring,HIST205,83.7
S11182,2030,Spring,PSY101,86.0
S10048,2025,Spring,ECON210,74.7
S11780,2033,Fall,MATH101,71.4
S12172,2035,Fall,HIST205,82.8
S13188,2040,Fall,HIST205,99.1
S11075,2030,Summer,ECON210,74.7
S11943,2034,Spring,BIO110,81.3
S11597,2032,Summer,PSY101,97.8
S12890,2039,Fall,CS150,91.8
S12799,2038,Fall,CHEM120,91.7
S11555,2032,Spring,MATH101,84.3
S10957,2029,Fall,CHEM120,81.0
S12181,2035,Summer,PSY101,82.5
S13081,2040,Summer,BIO110,93.1
S13056,2040,Spring,HIST205,87.6
S13161,2040,Fall,CHEM120,95.6
S11234,2031,Summer,ECON210,73.6
S11950,2034,Summer,HIST205,69.8
S11633,2033,Summer,ENG201,90.9
S11900,2034,Spring,CHEM120,89.6
S10686,2028,Summer,PSY101,74.1
S10215,2026,Spring,ENG201,79.4
S10475,2027,Spring,BIO110,72.7
S13094,2040,Summer,ECON210,85.1
S11082,2030,Fall,CHEM120,76.1
S12630,2038,Summer,CHEM120,91.7
S10222,2026,Summer,CHEM120,78.8
S11413,2032,Fall,ENG201,98.7
S13007,2040,Summer,PSY101,79.6
S12366,2036,Summer,BIO110,82.4
S10863,2029,Summer,CS150,91.7
S10685,2028,Spring,CHEM120,81.7
S12611,2038,Summer,ENG201,80.2
S12973,2039,Summer,PSY101,100.0
S11802,2034,Spring,ECON210,78.3
S12706,2038,Spring,MATH101,90.5
S10974,2029,Summer,CHEM120,73.8
S11569,2032,Fall,MATH101,77.1
S13155,2040,Summer,PSY101,78.9
S11691,2033,Summer,PSY101,78.9
S13083,2040,Spring,ECON210,83.1
S12031,2035,Fall,ENG201,77.5
S10631,2028,Summer,ECON210,88.2
S12439,2037,Spring,ECON210,75.1
S10594,2027,Spring,BIO110,83.0
S10345,2026,Fall,HIST205,75.2
S11404,2032,Fall,BIO110,89.3
S10135,2025,Spring,CHEM120,84.4
S12160,2035,Fall,CS150,76.4
S10740,2028,Spring,BIO110,61.3
S11986,2034,Spring,ECON210,89.8
S10967,2029,Spring,ENG201,91.7
S12870,2039,Fall,BIO110,85.6
S11070,2030,Fall,PSY101,78.3
S10718,2028,Summer,PSY101,73.1
S11514,2032,Fall,CS150,80.7
